{
  "underlying_symbol": "TSLA",
  "current_price": 272.04,
  "expiration_dates": [
    "2025-03-06"
  ],
  "strikes": [
    100,
    110,
    120,
    130,
    140,
    150,
    160,
    170,
    180,
    190,
    200,
    210,
    220,
    222.5,
    225,
    227.5,
    230,
    232.5,
    235,
    237.5
  ],
  "options_sample": [
    {
      "strike": 267.5,
      "call": {
        "contract_symbol": "TSLA250307C00267500",
        "strike": 267.5,
        "bid": 12.1,
        "ask": 12.4,
        "implied_volatility": 1.0061084851074216,
        "volume": 17374,
        "open_interest": 617,
        "in_the_money": true
      },
      "put": {
        "contract_symbol": "TSLA250307P00267500",
        "strike": 267.5,
        "bid": 7.35,
        "ask": 7.55,
        "implied_volatility": 0.9790041162109376,
        "volume": 26928,
        "open_interest": 2136,
        "in_the_money": true
      }
    },
    {
      "strike": 270,
      "call": {
        "contract_symbol": "TSLA250307C00270000",
        "strike": 270,
        "bid": 10.7,
        "ask": 10.95,
        "implied_volatility": 0.9970703417968749,
        "volume": 45682,
        "open_interest": 2110,
        "in_the_money": true
      },
      "put": {
        "contract_symbol": "TSLA250307P00270000",
        "strike": 270,
        "bid": 8.5,
        "ask": 8.65,
        "implied_volatility": 0.975586181640625,
        "volume": 85736,
        "open_interest": 13136,
        "in_the_money": true
      }
    },
    {
      "strike": 272.5,
      "call": {
        "contract_symbol": "TSLA250307C00272500",
        "strike": 272.5,
        "bid": 9.1,
        "ask": 9.65,
        "implied_volatility": 0.975586181640625,
        "volume": 19081,
        "open_interest": 815,
        "in_the_money": false
      },
      "put": {
        "contract_symbol": "TSLA250307P00272500",
        "strike": 272.5,
        "bid": 9.65,
        "ask": 9.85,
        "implied_volatility": 0.96679720703125,
        "volume": 21355,
        "open_interest": 3530,
        "in_the_money": false
      }
    },
    {
      "strike": 275,
      "call": {
        "contract_symbol": "TSLA250307C00275000",
        "strike": 275,
        "bid": 8.2,
        "ask": 8.45,
        "implied_volatility": 0.9842530871582031,
        "volume": 40892,
        "open_interest": 5058,
        "in_the_money": false
      },
      "put": {
        "contract_symbol": "TSLA250307P00275000",
        "strike": 275,
        "bid": 10.9,
        "ask": 11.15,
        "implied_volatility": 0.9577640942382811,
        "volume": 38117,
        "open_interest": 10992,
        "in_the_money": false
      }
    },
    {
      "strike": 277.5,
      "call": {
        "contract_symbol": "TSLA250307C00277500",
        "strike": 277.5,
        "bid": 7.1,
        "ask": 7.3,
        "implied_volatility": 0.9750979052734375,
        "volume": 19967,
        "open_interest": 502,
        "in_the_money": false
      },
      "put": {
        "contract_symbol": "TSLA250307P00277500",
        "strike": 277.5,
        "bid": 12.3,
        "ask": 12.55,
        "implied_volatility": 0.9506840869140624,
        "volume": 13795,
        "open_interest": 2451,
        "in_the_money": false
      }
    }
  ]
}