{
  "underlying_symbol": "TSLA",
  "current_price": 262.67,
  "expiration_dates": [
    "2025-03-13"
  ],
  "strikes": [
    100,
    110,
    120,
    130,
    140,
    150,
    160,
    170,
    180,
    190,
    200,
    210,
    215,
    220,
    225,
    230,
    235,
    240,
    245,
    250
  ],
  "options_sample": [
    {
      "strike": 255,
      "call": {
        "contract_symbol": "TSLA250314C00255000",
        "strike": 255,
        "bid": 14.75,
        "ask": 14.95,
        "implied_volatility": 0.7398707653808592,
        "volume": 14399,
        "open_interest": 756,
        "in_the_money": true
      },
      "put": {
        "contract_symbol": "TSLA250314P00255000",
        "strike": 255,
        "bid": 6.9,
        "ask": 7.05,
        "implied_volatility": 0.7249783361816406,
        "volume": 17852,
        "open_interest": 3313,
        "in_the_money": true
      }
    },
    {
      "strike": 260,
      "call": {
        "contract_symbol": "TSLA250314C00260000",
        "strike": 260,
        "bid": 11.8,
        "ask": 12,
        "implied_volatility": 0.7282742016601562,
        "volume": 35563,
        "open_interest": 5752,
        "in_the_money": true
      },
      "put": {
        "contract_symbol": "TSLA250314P00260000",
        "strike": 260,
        "bid": 8.95,
        "ask": 9.1,
        "implied_volatility": 0.7141141870117188,
        "volume": 33523,
        "open_interest": 10053,
        "in_the_money": true
      }
    },
    {
      "strike": 265,
      "call": {
        "contract_symbol": "TSLA250314C00265000",
        "strike": 265,
        "bid": 9.25,
        "ask": 9.4,
        "implied_volatility": 0.7171659143066407,
        "volume": 37122,
        "open_interest": 2417,
        "in_the_money": false
      },
      "put": {
        "contract_symbol": "TSLA250314P00265000",
        "strike": 265,
        "bid": 11.35,
        "ask": 11.55,
        "implied_volatility": 0.7030058996582031,
        "volume": 16151,
        "open_interest": 14738,
        "in_the_money": false
      }
    },
    {
      "strike": 267.5,
      "call": {
        "contract_symbol": "TSLA250314C00267500",
        "strike": 267.5,
        "bid": 8.1,
        "ask": 8.3,
        "implied_volatility": 0.713015565185547,
        "volume": 6491,
        "open_interest": 1668,
        "in_the_money": false
      },
      "put": {
        "contract_symbol": "TSLA250314P00267500",
        "strike": 267.5,
        "bid": 12.75,
        "ask": 12.95,
        "implied_volatility": 0.7004424487304688,
        "volume": 3621,
        "open_interest": 2416,
        "in_the_money": false
      }
    },
    {
      "strike": 270,
      "call": {
        "contract_symbol": "TSLA250314C00270000",
        "strike": 270,
        "bid": 7.1,
        "ask": 7.2,
        "implied_volatility": 0.7075224560546876,
        "volume": 23347,
        "open_interest": 4359,
        "in_the_money": false
      },
      "put": {
        "contract_symbol": "TSLA250314P00270000",
        "strike": 270,
        "bid": 14.2,
        "ask": 14.4,
        "implied_volatility": 0.6948272705078126,
        "volume": 7428,
        "open_interest": 3136,
        "in_the_money": false
      }
    }
  ]
}