date,XLE,XLY,XLP,XLI,XLB,XLF,XLV,XLK,XLU,XLRE,XLC,USO,SPY,WTI
2023-01-03,37.8776741027832,62.452335357666016,68.11911010742188,93.72893524169922,36.42536163330078,32.5366325378418,128.35769653320312,60.233360290527344,31.921186447143555,33.19806671142578,46.912410736083984,67.63999938964844,365.0720520019531,76.87
2023-01-04,37.873191833496094,63.357093811035156,68.38509368896484,94.5574722290039,37.059043884277344,33.05805587768555,128.69882202148438,60.38973617553711,32.210968017578125,33.959285736083984,47.79063415527344,64.30000305175781,367.8905029296875,72.82
2023-01-05,38.56432342529297,62.76850891113281,67.69721984863281,93.53845977783203,36.472293853759766,32.81156921386719,127.38172149658203,59.21693420410156,31.5136775970459,32.96521759033203,47.858184814453125,64.77999877929688,363.6916198730469,73.61
2023-01-06,39.295841217041016,64.24239349365234,69.5040512084961,96.10025024414062,37.7255973815918,33.54155731201172,128.5566864013672,60.951698303222656,32.14757537841797,33.92346954345703,48.63990020751953,64.83000183105469,372.0318603515625,73.77
2023-01-09,39.15672302246094,64.63154602050781,68.82535552978516,95.67169189453125,37.9649772644043,33.41831970214844,126.40571594238281,61.660274505615234,32.36491394042969,33.90555191040039,48.71710968017578,65.87999725341797,371.8209533691406,74.69
2023-01-10,39.434967041015625,65.44387817382812,68.733642578125,96.19548797607422,38.34519958496094,33.60791778564453,127.46698760986328,62.04143524169922,32.373966217041016,34.00406265258789,49.45056915283203,65.9000015258789,374.4284973144531,75.11
2023-01-11,39.55613708496094,67.20960235595703,68.77031707763672,97.1192626953125,38.94602966308594,33.92076873779297,128.1871337890625,63.11650466918945,32.63658905029297,35.23991394042969,49.80765151977539,68.05000305175781,379.16412353515625,77.46
2023-01-12,40.31010437011719,67.32146453857422,68.22916412353516,97.69065856933594,39.09154510498047,33.98712921142578,127.7796859741211,63.585628509521484,32.41471481323242,35.633968353271484,50.35774230957031,68.61000061035156,380.5445861816406,78.32
2023-01-13,40.368438720703125,67.95382690429688,68.55020141601562,97.57638549804688,39.3309440612793,34.243106842041016,128.34820556640625,63.76643753051758,32.297000885009766,35.4279899597168,50.52180862426758,70.05000305175781,382.0209655761719,79.9
2023-01-17,40.453712463378906,68.00247192382812,68.5960464477539,96.74784851074219,38.9366455078125,34.01557540893555,127.75125122070312,64.05474853515625,32.251712799072266,35.436946868896484,50.048919677734375,70.86000061035156,381.3211669921875,80.25
2023-01-18,39.71321105957031,67.11717987060547,66.7249984741211,94.92886352539062,38.38743591308594,33.380393981933594,125.9509048461914,63.22890853881836,31.477460861206055,34.89065933227539,49.44092559814453,69.51000213623047,375.30078125,79.53
2023-01-19,40.206878662109375,66.00325775146484,66.09213256835938,92.9765853881836,38.09171676635742,32.991703033447266,126.25411987304688,62.49100875854492,31.160507202148438,34.72049331665039,49.69184494018555,70.58999633789062,372.56866455078125,80.31
2023-01-20,40.60630798339844,67.60358428955078,66.60578155517578,94.27176666259766,38.856842041015625,33.51311111450195,126.88895416259766,64.18180847167969,31.346149444580078,35.12349319458008,51.24561309814453,71.55000305175781,379.5092468261719,81.27
2023-01-23,40.66015625,68.65913391113281,66.81671142578125,95.30030059814453,38.983585357666016,33.90181350708008,127.3248519897461,65.64293670654297,31.355209350585938,35.22201156616211,52.14313507080078,71.5,384.0628662109375,81.62
2023-01-24,40.503082275390625,68.5813217163086,67.09188079833984,95.9288330078125,39.007049560546875,33.92076873779297,126.48151397705078,65.61360931396484,31.5136775970459,35.37425231933594,51.99837112426758,70.22000122070312,383.6506652832031,79.86
2023-01-25,40.50757598876953,68.9315414428711,67.25698852539062,95.39551544189453,39.086849212646484,34.186222076416016,126.5194091796875,65.4767837524414,31.088062286376953,35.410072326660156,52.181739807128906,70.51000213623047,383.7944030761719,79.78
2023-01-26,41.78661346435547,70.34220123291016,67.01851654052734,95.9193115234375,39.27460861206055,34.36635208129883,126.75630187988281,66.52253723144531,31.19219970703125,35.81306838989258,52.992401123046875,70.93000030517578,388.01251220703125,80.64
2023-01-27,40.942893981933594,71.93766784667969,66.82588195800781,96.31928253173828,39.14787292480469,34.36635208129883,125.8940200805664,66.80107116699219,31.19219970703125,36.135475158691406,53.359130859375,69.5,388.90399169921875,79.73
2023-01-30,40.00492858886719,70.71185302734375,66.90843200683594,95.37648010253906,38.88031768798828,34.195701599121094,124.75694274902344,65.52564239501953,31.051841735839844,35.69664764404297,52.51951599121094,68.0999984741211,384.0245056152344,77.97
2023-01-31,40.359466552734375,72.33165740966797,67.63301849365234,96.99545288085938,39.734622955322266,34.660247802734375,126.3678207397461,66.4394760131836,31.28275489807129,36.350406646728516,53.15647506713867,69.31999969482422,389.67095947265625,78.95
2023-02-01,39.565120697021484,73.70338439941406,68.17415618896484,97.7001724243164,39.99748229980469,34.660247802734375,126.96477508544922,68.00320434570312,31.337093353271484,36.61907196044922,53.78377151489258,67.36000061035156,393.8122863769531,76.34
2023-02-02,38.663047790527344,75.9604263305664,67.587158203125,98.46204376220703,39.87074661254883,34.75505065917969,126.10249328613281,69.86013793945312,31.40500831604004,37.46088790893555,57.31595230102539,66.56999969482422,399.5450439453125,75.87
2023-02-03,38.57778549194336,73.6207046508789,67.32115936279297,97.94778442382812,39.152565002441406,34.68868637084961,125.73294830322266,69.27863311767578,30.74847984313965,36.681758880615234,56.167503356933594,64.4000015258789,395.2982482910156,73.4
2023-02-06,38.40275955200195,73.51370239257812,67.4037094116211,97.70968627929688,38.7207145690918,34.679203033447266,125.03173065185547,68.43321990966797,31.01108741760254,36.44891357421875,55.49196243286133,65.5,392.88238525390625,74.11
2023-02-07,39.650386810302734,73.68392944335938,67.11939239501953,98.01445007324219,39.24174880981445,35.07737731933594,125.83716583251953,70.14356994628906,30.997507095336914,36.30562210083008,56.524593353271484,67.76000213623047,398.0207824707031,77.17
2023-02-08,39.295841217041016,73.05644989013672,66.60578155517578,97.46208190917969,38.9272575378418,34.868804931640625,125.4676284790039,69.29817199707031,30.476808547973633,36.20711135864258,54.74884796142578,68.68000030517578,393.6684875488281,78.47
2023-02-09,38.959251403808594,72.92024993896484,66.31227111816406,96.58594512939453,38.363975524902344,34.4801139831543,124.36841583251953,68.91699981689453,30.06024932861328,35.857852935791016,53.552146911621094,67.91999816894531,390.2557067871094,78.04
2023-02-10,40.485130310058594,72.06413269042969,66.92678833007812,97.27161407470703,38.50479507446289,34.59388732910156,125.54341125488281,68.59938049316406,30.65791893005371,35.92948913574219,53.04065704345703,69.87000274658203,391.16644287109375,79.74
2023-02-13,40.38191223144531,73.11968994140625,67.68803405761719,98.15731048583984,38.70663070678711,34.9920539855957,126.58573913574219,69.78684997558594,30.84356689453125,36.2608528137207,53.793418884277344,69.5,395.75836181640625,80.14
2023-02-14,40.39537048339844,73.99524688720703,67.07352447509766,97.8906478881836,38.79582595825195,34.80244064331055,125.83716583251953,70.0849380493164,30.712257385253906,35.88471984863281,53.81272506713867,69.4000015258789,395.57623291015625,79.08
2023-02-15,39.70872497558594,74.861083984375,67.20191955566406,98.50012969970703,38.96480178833008,34.84036636352539,125.21178436279297,70.41233825683594,30.911476135253906,35.98322677612305,54.304908752441406,69.0199966430664,396.8608703613281,78.57
2023-02-16,39.31827926635742,73.22669982910156,66.71581268310547,97.48115539550781,38.5235710144043,34.48959732055664,123.96098327636719,69.19066619873047,30.6760311126709,35.65187454223633,53.474945068359375,68.44999694824219,391.396484375,78.45
2023-02-17,37.918067932128906,73.24128723144531,67.57798767089844,98.11920928955078,38.162132263183594,34.49907684326172,125.06964874267578,68.32572174072266,31.00656509399414,35.472774505615234,53.41704559326172,67.0199966430664,390.418701171875,76.31
2023-02-21,37.729576110839844,70.79456329345703,67.32115936279297,95.87168884277344,37.53313064575195,33.788047790527344,123.44927978515625,66.7033462524414,30.427001953125,34.774234771728516,52.23964309692383,66.69000244140625,382.5865783691406,76.28
2023-02-22,37.47825622558594,71.15452575683594,67.22027587890625,95.63359832763672,37.81476974487305,33.750118255615234,123.03233337402344,66.6056137084961,30.309276580810547,34.46078872680664,52.34580612182617,64.91999816894531,382.0592956542969,73.95
2023-02-23,38.043731689453125,71.09615325927734,67.1377182006836,96.08120727539062,37.85702896118164,33.778564453125,123.36400604248047,67.70999145507812,30.150798797607422,34.79214096069336,52.10453796386719,66.37999725341797,384.09161376953125,75.26
2023-02-24,37.99436569213867,69.97735595703125,66.6883316040039,95.52884674072266,38.110496520996094,33.8070068359375,121.77208709716797,66.50297546386719,30.159854888916016,34.147342681884766,51.3807258605957,67.0999984741211,379.988525390625,76.19
2023-02-27,38.1065559387207,70.84319305419922,66.61494445800781,96.37643432617188,38.237239837646484,33.797523498535156,121.40254974365234,66.8597183227539,29.956106185913086,34.20108413696289,51.54479217529297,66.25,381.28277587890625,75.57
2023-02-28,37.55903625488281,70.79456329345703,66.06462860107422,96.15738677978516,38.410919189453125,33.8638916015625,120.50234985351562,66.71309661865234,29.430879592895508,34.218994140625,51.63165283203125,67.20999908447266,379.87353515625,76.88
2023-03-01,38.29953384399414,69.9043960571289,65.57853698730469,96.53833770751953,38.711326599121094,33.750118255615234,120.30337524414062,66.22444915771484,28.94640350341797,33.69062042236328,51.2359733581543,68.06999969482422,378.4163513183594,77.57
2023-03-02,38.63612365722656,69.67090606689453,66.47737884521484,97.67160034179688,39.152565002441406,33.588951110839844,121.04246520996094,67.04051971435547,29.4942684173584,34.12943649291992,51.718505859375,68.30000305175781,381.3594665527344,78.05
2023-03-03,39.16120910644531,71.16911315917969,66.53239440917969,98.72869873046875,39.711151123046875,34.11985778808594,122.3974838256836,68.48210144042969,29.996862411499023,34.70259094238281,52.84764099121094,69.86000061035156,387.47564697265625,79.62
2023-03-06,39.17916488647461,70.64863586425781,66.70667266845703,98.5477523803711,39.06807327270508,34.14829635620117,122.34062194824219,68.80950927734375,30.14174461364746,34.56825256347656,52.84764099121094,70.48999786376953,387.7440490722656,80.39
2023-03-07,38.49699783325195,69.68550109863281,66.0462875366211,97.2811508178711,38.29825210571289,33.266632080078125,120.36969757080078,67.95433044433594,29.648216247558594,33.6995735168457,52.30719757080078,67.8499984741211,381.80047607421875,77.45
2023-03-08,38.10206985473633,69.55902099609375,66.1563491821289,97.50971221923828,38.486019134521484,33.14338302612305,119.72534942626953,68.51629638671875,29.874608993530273,34.17420959472656,52.33614730834961,67.0999984741211,382.4235534667969,76.56
2023-03-09,37.56352615356445,67.90032958984375,65.54183959960938,96.07167053222656,37.49559020996094,31.797170639038086,118.512451171875,67.53407287597656,29.634628295898438,33.39508056640625,51.15876007080078,66.23999786376953,375.3679504394531,75.6
2023-03-10,37.08332443237305,67.22419738769531,65.2208251953125,94.28128814697266,36.69760513305664,31.21886444091797,117.64070129394531,66.34659576416016,29.168264389038086,32.329376220703125,50.43494415283203,67.13999938964844,369.9515686035156,76.55
2023-03-13,36.32936096191406,67.36526489257812,65.5510025024414,93.74798583984375,36.32209014892578,29.986413955688477,118.73988342285156,66.7082290649414,29.616519927978516,32.84880065917969,50.43494415283203,65.25,369.4243469238281,74.68
2023-03-14,36.688385009765625,68.50836181640625,66.1471939086914,94.73841857910156,36.78679275512695,30.593154907226562,119.80116271972656,68.24755096435547,30.00591468811035,33.189109802246094,51.8632698059082,62.93000030517578,375.5308837890625,71.18
2023-03-15,34.71821975708008,68.40621185302734,66.57823944091797,92.40518188476562,35.594520568847656,29.777849197387695,119.6969223022461,68.28662109375,30.413421630859375,33.2070198059082,52.423004150390625,60.02000045776367,373.1821594238281,67.38
2023-03-16,35.095191955566406,69.64173126220703,66.62411499023438,93.5956039428711,36.00288772583008,30.34667205810547,120.81504821777344,70.20221710205078,30.617164611816406,33.2070198059082,53.600406646728516,60.04999923706055,379.7297668457031,68.15
2023-03-17,34.54318618774414,68.75157165527344,66.13801574707031,92.06234741210938,35.444313049316406,29.370193481445312,119.26103973388672,70.10447692871094,30.322864532470703,32.44580078125,53.08890914916992,58.65999984741211,375.2896728515625,66.61
2023-03-20,35.23472595214844,69.04918670654297,67.05497741699219,93.28157043457031,36.17363357543945,29.69698715209961,120.77259063720703,70.29351806640625,30.560039520263672,32.793941497802734,53.48568344116211,59.790000915527344,378.8983154296875,67.56
2023-03-21,36.454559326171875,70.95691680908203,66.99969482421875,94.36212158203125,36.61207580566406,30.449649810791016,121.50507354736328,70.86161041259766,29.944284439086914,32.60453796386719,54.62757873535156,61.22999954223633,383.87353515625,69.4
2023-03-22,35.679134368896484,69.37609100341797,66.38221740722656,92.55480194091797,35.96148681640625,29.744619369506836,119.66914367675781,70.15637969970703,29.35588264465332,31.413997650146484,53.6695442199707,61.61000061035156,377.329833984375,70.71
2023-03-23,35.184844970703125,69.30289459228516,66.12417602539062,92.28707122802734,35.919044494628906,29.544546127319336,119.44082641601562,71.29751586914062,29.054847717285156,31.22459602355957,54.540489196777344,60.9900016784668,378.349853515625,69.77
2023-03-24,35.320884704589844,69.07848358154297,67.24852752685547,92.66957092285156,36.211341857910156,29.525487899780273,121.09603118896484,71.48359680175781,29.9625301361084,32.02730941772461,54.821128845214844,60.959999084472656,380.8325500488281,69.22
2023-03-27,36.07365036010742,69.21996307373047,67.60794067382812,93.44412231445312,36.48006820678711,29.93516731262207,121.59068298339844,70.93020629882812,29.99901580810547,31.919082641601562,54.5114631652832,64.1500015258789,381.5446472167969,72.87
2023-03-28,36.63141632080078,69.13700103759766,67.72774505615234,93.92223358154297,36.654502868652344,29.925643920898438,120.85820770263672,70.59717559814453,30.08111572265625,31.810850143432617,54.06630325317383,64.55000305175781,380.6882019042969,73.12
2023-03-29,37.13930892944336,70.4494857788086,68.10560607910156,95.28966522216797,37.16366195678711,30.363906860351562,121.19114685058594,72.07620239257812,30.518999099731445,32.5684700012207,54.78241729736328,64.1500015258789,386.2215270996094,72.95
2023-03-30,37.302555084228516,71.06427001953125,68.29912567138672,95.490478515625,37.41823196411133,30.297210693359375,121.84751892089844,72.91368103027344,30.651264190673828,32.992366790771484,55.043704986572266,65.31999969482422,388.4828796386719,74.32
2023-03-31,37.56104278564453,72.96224975585938,68.85209655761719,96.75271606445312,38.02639389038086,30.630672454833984,123.15077209472656,73.95684051513672,30.874771118164062,33.71391296386719,56.0985107421875,66.44000244140625,393.95843505859375,75.68
2023-04-03,39.261558532714844,72.29380798339844,69.21150207519531,96.92483520507812,38.26683044433594,30.687833786010742,124.53009033203125,73.83929443359375,30.664949417114258,33.398231506347656,56.33075714111328,70.2699966430664,395.45965576171875,80.4
2023-04-04,38.54960632324219,72.17671203613281,69.07327270507812,94.7541732788086,37.71524429321289,30.40201187133789,124.54912567138672,73.43281555175781,30.820030212402344,33.40725326538086,56.50495529174805,70.2699966430664,393.26556396484375,80.7
2023-04-05,39.13004684448242,70.69832611083984,69.39583587646484,93.52062225341797,37.63038635253906,30.363906860351562,126.69898223876953,72.59532165527344,31.618240356445312,33.23588180541992,56.32108688354492,70.23999786376953,392.2358703613281,80.69
2023-04-06,38.53599166870117,70.71296691894531,69.45113372802734,93.49192810058594,37.54080581665039,30.478235244750977,127.01288604736328,73.00672912597656,31.84174346923828,33.46136474609375,57.02751541137695,70.26000213623047,393.7659606933594,80.7
2023-04-10,38.8443603515625,71.02523803710938,69.45113372802734,94.3429946899414,37.719970703125,30.544925689697266,126.92729187011719,72.96753692626953,31.777883529663086,33.632728576660156,56.90171813964844,69.76000213623047,394.1700744628906,79.79
2023-04-11,39.21167755126953,71.13746643066406,69.65387725830078,94.90717315673828,38.01225662231445,30.81169319152832,127.35533905029297,72.28190612792969,31.805252075195312,33.79507827758789,56.75655746459961,71.06999969482422,394.2760314941406,81.54
2023-04-12,39.23888397216797,70.03477478027344,69.34053039550781,95.22272491455078,38.0405387878418,30.744997024536133,127.39339447021484,71.8705062866211,31.77332305908203,33.69586944580078,56.1662483215332,72.43000030517578,392.6689453125,83.26
2023-04-13,39.48375701904297,71.5814437866211,69.72761535644531,95.5765380859375,38.43183517456055,31.02129364013672,129.04859924316406,73.20750427246094,31.777883529663086,33.5876350402832,57.33718490600586,71.80000305175781,397.8846435546875,82.16
2023-04-14,39.55632019042969,71.67415618896484,69.28524017333984,95.46179962158203,38.153682708740234,31.326171875,128.01171875,72.80104064941406,31.422109603881836,33.010398864746094,57.31782913208008,72.08999633789062,396.91278076171875,82.58
2023-04-17,39.0892333984375,72.18156433105469,69.72761535644531,96.21721649169922,38.37526321411133,31.68821907043457,127.90707397460938,73.06548309326172,31.59543228149414,33.75900650024414,56.98881149291992,70.83999633789062,398.3369140625,80.93
2023-04-18,39.243412017822266,72.2986831665039,69.93955993652344,96.67621612548828,38.53554916381836,31.783491134643555,127.03191375732422,73.29078674316406,31.431230545043945,33.70488357543945,56.698490142822266,70.7300033569336,398.59674072265625,80.85
2023-04-19,39.10737228393555,72.2303695678711,69.89349365234375,96.59972381591797,38.42711639404297,31.859708786010742,127.42192840576172,73.08018493652344,31.672971725463867,33.90331268310547,56.272701263427734,69.30000305175781,398.5293884277344,79.18
2023-04-20,38.76274108886719,71.11793518066406,70.05937194824219,96.42758178710938,38.38468933105469,31.764432907104492,126.89871978759766,72.6002197265625,31.663850784301758,33.497440338134766,55.692073822021484,67.5999984741211,396.35455322265625,77.27
2023-04-21,38.53599166870117,71.9034652709961,70.5662612915039,96.2076644897461,38.045249938964844,31.65009880065918,127.7548828125,72.36515045166016,31.755081176757812,33.53352355957031,55.827552795410156,68.20999908447266,396.6625671386719,77.86
2023-04-24,39.125511169433594,71.89373016357422,70.85194396972656,96.43716430664062,38.30454635620117,31.57388687133789,128.4683380126953,72.04681396484375,31.914724349975586,33.443328857421875,55.76949691772461,69.25,397.07635498046875,78.64
2023-04-25,38.390892028808594,70.4690170288086,70.7597885131836,94.65853881835938,37.47480392456055,31.03082275390625,127.0984878540039,70.50900268554688,31.88279151916504,33.13667297363281,54.89854431152344,67.62000274658203,390.773193359375,77.05
2023-04-26,37.87846755981445,70.10796356201172,70.20683288574219,92.87036895751953,37.03166198730469,30.735469818115234,125.29110717773438,71.55706787109375,31.134754180908203,32.86609649658203,54.31791687011719,65.36000061035156,389.1180114746094,74.33
2023-04-27,38.01450729370117,71.95714569091797,70.99017333984375,94.70635986328125,37.536094665527344,31.230899810791016,125.9474868774414,73.0752944946289,31.50877571105957,33.659786224365234,57.4726676940918,65.80999755859375,396.8646545410156,74.77
2023-04-28,38.6040153503418,72.14256286621094,71.36803436279297,95.62435150146484,37.97454071044922,31.602462768554688,127.02239227294922,73.8686752319336,31.463163375854492,34.0476188659668,57.96620559692383,67.5,400.25189208984375,76.78
2023-05-01,38.16868591308594,71.43018341064453,71.42333984375,96.14073944091797,37.9556770324707,31.516725540161133,127.67877960205078,73.91275787353516,31.517894744873047,33.73194885253906,57.95652770996094,66.55000305175781,399.8477783203125,75.65
2023-05-02,36.50898361206055,71.50337982177734,71.22979736328125,95.13665771484375,37.58795166015625,30.802167892456055,127.12706756591797,73.22222137451172,31.134754180908203,33.15471267700195,56.882362365722656,63.04999923706055,395.353759765625,71.71
2023-05-03,35.819698333740234,70.9374008178711,70.64920806884766,94.77330017089844,37.173091888427734,30.449649810791016,126.9558334350586,72.6051254272461,31.048091888427734,32.94727325439453,56.65978240966797,60.310001373291016,392.64013671875,68.62
2023-05-04,35.42064666748047,70.39096069335938,70.4740982055664,93.74056243896484,36.93265151977539,30.059024810791016,125.9474868774414,72.25740814208984,31.285276412963867,33.25392532348633,55.7501335144043,60.70000076293945,389.8590087890625,68.52
2023-05-05,36.38201141357422,71.8156509399414,71.12842559814453,95.15579986572266,37.554954528808594,30.802167892456055,127.07947540283203,74.06948852539062,31.485965728759766,33.76802444458008,56.44689178466797,63.029998779296875,397.07635498046875,71.32
2023-05-08,36.38201141357422,72.05960845947266,70.91647338867188,94.8115463256836,37.432376861572266,30.849802017211914,126.8035888671875,74.03030395507812,31.390186309814453,33.53352355957031,57.01783752441406,64.26000213623047,397.18218994140625,73.13
2023-05-09,36.3956184387207,72.04007720947266,70.69525909423828,95.02191925048828,37.09294128417969,30.735469818115234,125.95699310302734,73.4621810913086,31.349140167236328,33.42529296875,56.65978240966797,64.87000274658203,395.4403381347656,73.68
2023-05-10,35.982948303222656,72.406005859375,70.58467102050781,94.67767333984375,37.116512298583984,30.56398582458496,126.30895233154297,74.3584213256836,31.63648223876953,33.740966796875,57.16299819946289,64.38999938964844,397.2880554199219,72.53
2023-05-11,35.55215835571289,72.74269104003906,70.7966537475586,94.10391235351562,36.753501892089844,30.516340255737305,125.9189453125,74.02539825439453,31.312646865844727,33.38921356201172,57.73394775390625,63.25,396.5951843261719,70.81
2023-05-12,35.60657501220703,72.12791442871094,71.07313537597656,94.17086029052734,36.81950759887695,30.39248275756836,125.7477035522461,73.92744445800781,31.485965728759766,33.45234680175781,57.78234100341797,62.06999969482422,396.0755310058594,70.02
2023-05-15,35.787967681884766,72.22061157226562,70.89802551269531,94.62985229492188,37.13065719604492,30.64019775390625,125.52893829345703,74.53962707519531,31.089141845703125,33.38921356201172,58.05329513549805,62.9900016784668,397.4420166015625,71.07
2023-05-16,34.908233642578125,71.92787170410156,70.29900360107422,93.34849548339844,36.51778793334961,30.3543758392334,124.48253631591797,74.61798858642578,30.40039825439453,32.49631118774414,57.98555374145508,62.540000915527344,394.7860412597656,70.85
2023-05-17,35.57936477661133,73.4257583618164,70.26212310791016,94.95498657226562,36.75822067260742,30.964130401611328,124.63473510742188,75.61219024658203,30.290937423706055,32.92021560668945,58.69198989868164,64.5999984741211,399.57830810546875,72.78
2023-05-18,35.83783721923828,74.56747436523438,69.921142578125,95.64347839355469,36.9750862121582,31.192790985107422,124.33032989501953,77.1597900390625,30.1997127532959,32.7127799987793,59.746803283691406,64.04000091552734,403.4275207519531,71.82
2023-05-19,36.11445999145508,73.94295501708984,69.96723175048828,95.41397094726562,37.06937026977539,31.059402465820312,124.91059112548828,77.12548828125,30.154096603393555,32.658653259277344,59.427452087402344,63.900001525878906,402.84051513671875,71.57
2023-05-22,35.96481704711914,73.71363067626953,68.90738677978516,95.39485931396484,36.87608337402344,31.11656951904297,125.03427124023438,77.27241516113281,30.163219451904297,32.87511444091797,59.96937942504883,63.90999984741211,403.0041198730469,71.81
2023-05-23,36.35026550292969,73.04029846191406,68.4005126953125,94.24736785888672,36.30563735961914,30.754526138305664,123.66443634033203,76.13130187988281,30.058313369750977,32.46925354003906,59.224239349365234,64.87000274658203,398.48126220703125,72.87
2023-05-24,36.50898361206055,72.77195739746094,67.9581527709961,93.03295135498047,35.890769958496094,30.3543758392334,122.81781005859375,75.57300567626953,29.862180709838867,31.756729125976562,58.953269958496094,65.66000366210938,395.5943603515625,74.37
2023-05-25,35.86051559448242,72.4450454711914,67.44206237792969,93.33894348144531,35.76347732543945,30.3448486328125,121.5621337890625,78.47230529785156,29.46079444885254,31.828889846801758,58.953269958496094,64.08999633789062,399.0201416015625,71.68
2023-05-26,35.719940185546875,74.14785766601562,67.67245483398438,94.0369873046875,35.942630767822266,30.59256362915039,121.31481170654297,80.70067596435547,29.46079444885254,32.19867706298828,60.153236389160156,64.80000305175781,404.187744140625,72.35
2023-05-30,35.352630615234375,74.64554595947266,66.89830017089844,93.89354705810547,35.74933624267578,30.58303451538086,120.56330871582031,81.13163757324219,29.346759796142578,32.297889709472656,60.2500114440918,62.29999923706055,404.3417663574219,69.45
2023-05-31,34.73136901855469,73.97220611572266,66.97205352783203,92.61219024658203,35.367462158203125,30.25910186767578,121.60018920898438,80.45579528808594,29.615877151489258,32.50532913208008,60.23066711425781,60.630001068115234,402.09954833984375,68.11
2023-06-01,35.16217803955078,74.84556579589844,66.91675567626953,93.79792022705078,35.83890914916992,30.58303451538086,122.39926147460938,81.27366638183594,29.396936416625977,32.514347076416016,61.043540954589844,62.54999923706055,405.9198913574219,70.09
2023-06-02,36.23236083984375,76.60205841064453,67.83834075927734,96.52323150634766,37.04107666015625,31.249956130981445,123.96885681152344,81.73890686035156,29.70253562927246,33.199806213378906,61.12095642089844,64.1500015258789,411.7900085449219,71.76
2023-06-05,35.99201965332031,76.83136749267578,67.58950805664062,95.85386657714844,37.01280212402344,31.087989807128906,124.41594696044922,81.2687759399414,29.843936920166016,33.046478271484375,61.27579116821289,64.02999877929688,411.0008544921875,72.14
2023-06-06,36.28224563598633,77.63156127929688,67.24852752685547,96.45629119873047,37.24851608276367,31.47861671447754,123.3790512084961,81.24917602539062,29.821125030517578,33.24490737915039,61.527400970458984,63.790000915527344,411.8957824707031,71.71
2023-06-07,37.24360275268555,77.10459899902344,67.02735137939453,98.00538635253906,37.69166946411133,31.602462768554688,122.89391326904297,80.03459930419922,30.32741928100586,33.85821533203125,60.8403205871582,64.70999908447266,410.47161865234375,72.52
2023-06-08,37.08488845825195,78.2463150024414,67.4881362915039,98.17752838134766,37.554954528808594,31.57388687133789,123.68347930908203,80.9014663696289,30.459697723388672,33.65077590942383,61.14999008178711,63.459999084472656,412.954345703125,71.28
2023-06-09,36.880828857421875,78.65129089355469,67.37755584716797,97.91934204101562,37.24380111694336,31.583415985107422,124.06396484375,81.30303955078125,30.281816482543945,33.479408264160156,61.169342041015625,62.93000030517578,413.6953430175781,70.16
2023-06-12,36.52711868286133,80.00279998779297,67.35909271240234,98.61739349365234,37.41352462768555,31.57388687133789,124.51105499267578,83.07102966308594,30.22707748413086,33.46136474609375,61.89513397216797,60.2400016784668,417.4482727050781,67.08
2023-06-13,36.69943618774414,80.83226013183594,67.6355972290039,99.76490783691406,38.280975341796875,31.764432907104492,125.13890075683594,83.57547760009766,30.222511291503906,33.70488357543945,62.09834671020508,62.13999938964844,420.20050048828125,69.39
2023-06-14,36.32305908203125,80.77368927001953,68.05030822753906,99.49714660644531,38.12068557739258,31.640583038330078,123.85467529296875,84.43743896484375,30.20427131652832,33.88527297973633,62.20478820800781,61.83000183105469,420.70086669921875,68.22
2023-06-15,36.72212219238281,81.3006362915039,68.7322998046875,100.99844360351562,38.44597625732422,32.059783935546875,125.7762451171875,85.5246810913086,30.53267478942871,34.02958297729492,63.191864013671875,63.40999984741211,425.9166564941406,70.61
2023-06-16,36.667694091796875,81.17868041992188,68.81521606445312,100.83586883544922,38.540260314941406,31.993091583251953,125.76673126220703,84.81942749023438,30.696880340576172,33.99349594116211,62.6693000793457,64.3499984741211,424.4658203125,71.81
2023-06-20,35.84700393676758,81.78683471679688,68.29177856445312,100.0870132446289,38.0186653137207,31.75383758544922,125.62537384033203,84.24623107910156,30.336870193481445,33.62835693359375,62.363975524902344,63.91999816894531,422.2636413574219,70.94
2023-06-21,36.13063049316406,80.80416870117188,68.5330810546875,100.64387512207031,38.141841888427734,31.715553283691406,125.64445495605469,82.99964904785156,30.580556869506836,33.48265838623047,61.74363708496094,65.04000091552734,420.1000671386719,72.55
2023-06-22,35.645721435546875,81.83573150634766,68.93215942382812,99.91421508789062,38.051822662353516,31.466733932495117,126.50414276123047,83.67691802978516,30.34606170654297,33.009151458740234,62.228271484375,62.52000045776367,421.6165466308594,69.22
2023-06-23,35.38954544067383,80.88727569580078,68.47738647460938,99.15575408935547,37.7438850402832,31.33275604248047,126.0838623046875,82.76899719238281,29.900068283081055,32.65401077270508,62.09257125854492,62.41999816894531,418.42913818359375,68.91
2023-06-26,36.02541732788086,79.85082244873047,68.57019805908203,99.98141479492188,38.1370964050293,31.26576042175293,125.36750030517578,82.17516326904297,30.194334030151367,33.38249206542969,61.47223663330078,62.72999954223633,416.7195129394531,69.09
2023-06-27,36.10776138305664,81.56682586669922,68.77438354492188,101.18150329589844,38.67717742919922,31.51457977294922,125.08090209960938,83.79470825195312,30.20353126525879,33.74673843383789,62.509376525878906,61.29999923706055,421.2881164550781,67.68
2023-06-28,36.473731994628906,81.88951110839844,68.3103256225586,101.18150329589844,38.41188049316406,31.438018798828125,124.67974090576172,83.84378051757812,29.757532119750977,33.837791442871094,62.79046630859375,62.52000045776367,421.5006103515625,69.54
2023-06-29,36.89459991455078,81.97750091552734,68.245361328125,102.16077423095703,38.895103454589844,31.983518600463867,125.49165344238281,83.99102783203125,29.757532119750977,34.14738845825195,62.45122146606445,62.959999084472656,423.1618957519531,69.85
2023-06-30,37.13248062133789,83.01885223388672,68.83934783935547,103.03443908691406,39.259891510009766,32.26105880737305,126.78112030029297,85.325927734375,30.088581085205078,34.320404052734375,63.08125686645508,63.54999923706055,428.1554870605469,70.66
2023-07-03,37.21939468383789,84.02108764648438,69.377685546875,103.05363464355469,39.40675354003906,32.44289016723633,125.73999786376953,85.14433288574219,30.31387710571289,34.593589782714844,63.29448699951172,63.38999938964844,428.6481018066406,69.71
2023-07-05,37.01354217529297,84.0552978515625,69.25700378417969,102.49678802490234,38.43556594848633,32.37590789794922,125.67313385009766,84.61920166015625,30.658714294433594,34.766605377197266,63.779144287109375,64.62999725341797,428.01068115234375,71.78
2023-07-06,36.18095397949219,82.70108032226562,69.08068084716797,101.72874450683594,38.15605163574219,32.09836196899414,124.67020416259766,84.39344787597656,30.286287307739258,34.575382232666016,63.275108337402344,64.44000244140625,424.6590576171875,71.76
2023-07-07,36.958641052246094,82.80374908447266,68.18038940429688,101.95915222167969,38.487674713134766,32.14622116088867,123.21831512451172,84.0253677368164,30.06558609008789,34.411468505859375,63.05217361450195,65.8499984741211,423.5868835449219,73.91
2023-07-10,37.24684524536133,83.0579605102539,68.1618423461914,103.40885925292969,38.478206634521484,32.289772033691406,124.19261169433594,84.24623107910156,29.936853408813477,34.529850006103516,62.88739013671875,65.54000091552734,424.6590576171875,73.05
2023-07-11,38.065711975097656,83.75218963623047,68.26392364501953,104.6281509399414,38.857200622558594,32.67257308959961,124.22124481201172,84.42778778076172,30.30927848815918,34.9213981628418,63.98270034790039,67.02999877929688,427.3634948730469,74.87
2023-07-12,38.41796112060547,84.50509643554688,68.42169952392578,104.44573211669922,39.368858337402344,32.883113861083984,123.88693237304688,85.38480377197266,30.75067710876465,35.08530044555664,64.75811767578125,67.87000274658203,430.802001953125,75.77
2023-07-13,38.27157211303711,85.29708862304688,68.70942687988281,104.58014678955078,39.676795959472656,32.997962951660156,123.93470001220703,86.49887084960938,30.856430053710938,35.32206344604492,65.70801544189453,69.08999633789062,434.2212829589844,76.86
2023-07-14,37.26057434082031,85.51709747314453,68.94145202636719,104.2729263305664,39.444664001464844,32.777854919433594,125.79730224609375,86.37126159667969,30.736879348754883,35.32206344604492,65.08769226074219,67.47000122070312,433.9507751464844,75.44
2023-07-17,37.187381744384766,85.86420440673828,68.73725891113281,104.66653442382812,39.48255157470703,33.093666076660156,125.2242202758789,87.47551727294922,30.382844924926758,35.02156066894531,64.85504913330078,66.58000183105469,435.4574890136719,74.17
2023-07-18,37.562503814697266,86.21623229980469,68.66301727294922,105.25218963623047,39.79049301147461,33.466896057128906,126.15071105957031,88.46688842773438,30.14835548400879,34.73017501831055,65.30093383789062,67.95999908447266,438.6932678222656,75.76
2023-07-19,37.782081604003906,86.51932525634766,69.35912322998047,105.20418548583984,39.577308654785156,33.61045837402344,126.73336791992188,88.24603271484375,30.45640754699707,35.11262893676758,65.4850845336914,67.69000244140625,439.6687927246094,75.4
2023-07-20,38.2258186340332,83.57130432128906,69.95310974121094,105.67461395263672,39.672054290771484,33.85927963256836,128.83482360839844,86.4841537475586,31.012758255004883,34.99424362182617,64.18622589111328,68.05000305175781,436.7518615722656,75.65
2023-07-21,38.56435012817383,83.59085083007812,70.19442749023438,105.17538452148438,39.676795959472656,33.74443817138672,130.13380432128906,86.43997955322266,31.477140426635742,35.149044036865234,63.5465087890625,68.98999786376953,436.7518615722656,77.06
2023-07-24,39.18650436401367,84.138427734375,70.46359252929688,105.4154052734375,39.79997634887695,34.069820404052734,129.84727478027344,86.59212493896484,31.394376754760742,35.48596954345703,63.66281509399414,70.69000244140625,438.7029724121094,78.81
2023-07-25,39.39236068725586,83.94287109375,70.44501495361328,105.28099822998047,40.51533889770508,33.84970474243164,129.78997802734375,87.5834732055664,31.44955825805664,35.221900939941406,63.866371154785156,71.16000366210938,439.900634765625,79.76
2023-07-26,39.40608596801758,83.92330932617188,70.52855682373047,106.0202407836914,40.37794876098633,34.050682067871094,129.7039794921875,86.4056167602539,31.44955825805664,35.34938430786133,64.86474609375,70.66000366210938,439.9682922363281,79.11
2023-07-27,39.154476165771484,83.05309295654297,69.90670776367188,105.10818481445312,40.11738967895508,33.620025634765625,128.74879455566406,86.15531921386719,30.89320945739746,34.602699279785156,65.40754699707031,71.43000030517578,437.05126953125,80.17
2023-07-28,39.2734260559082,84.4610824584961,70.63066101074219,105.76103210449219,40.39690017700195,33.687007904052734,129.13088989257812,87.32828521728516,30.824241638183594,34.50252914428711,66.69669342041016,72.08999633789062,441.3301696777344,80.55
2023-07-31,40.01909255981445,84.94019317626953,70.3058090209961,106.01062774658203,40.61008834838867,33.811431884765625,128.1374969482422,87.52949523925781,30.83803367614746,34.77570343017578,66.67731475830078,73.16999816894531,442.17047119140625,81.8
2023-08-01,39.8315315246582,83.97709655761719,69.92526245117188,106.32746124267578,40.4300651550293,33.811431884765625,127.46887969970703,87.6767349243164,30.46101188659668,34.71196365356445,66.59005737304688,72.95999908447266,440.9051513671875,81.37
2023-08-02,39.310020446777344,82.47130584716797,70.17587280273438,105.21379852294922,39.92789077758789,33.524322509765625,127.5548324584961,85.50750732421875,30.46101188659668,34.566261291503906,65.33969116210938,71.4800033569336,434.7718200683594,79.5
2023-08-03,39.70801544189453,82.6668472290039,69.98095703125,104.55133819580078,39.68153381347656,33.54346466064453,126.91487884521484,85.1590805053711,29.7667293548584,34.09275817871094,65.17491149902344,73.13999938964844,433.5258483886719,81.56
2023-08-04,39.762908935546875,83.8695297241211,69.28486633300781,103.9177017211914,39.591522216796875,33.40948486328125,126.4659423828125,84.00084686279297,29.421884536743164,33.75583267211914,65.0295181274414,73.79000091552734,431.5650939941406,82.76
2023-08-07,39.80866241455078,84.72997283935547,69.85102844238281,105.19458770751953,39.852088928222656,33.87841796875,127.92731475830078,84.23641204833984,29.417285919189453,34.18382263183594,66.03756713867188,73.81999969482422,435.3320007324219,81.94
2023-08-08,40.00536346435547,84.0552978515625,69.34983825683594,104.71454620361328,39.430450439453125,33.57217788696289,128.9112091064453,83.58858489990234,29.55522346496582,34.010799407958984,65.8534164428711,74.05999755859375,433.4389343261719,82.94
2023-08-09,40.50857925415039,83.0579605102539,69.45193481445312,104.65693664550781,39.26936721801758,33.32334518432617,128.87295532226562,82.50888061523438,29.619590759277344,34.09275817871094,65.14582824707031,75.0999984741211,430.5412292480469,84.35
2023-08-10,40.50400161743164,83.25841522216797,69.31270599365234,104.36894226074219,39.29779052734375,33.35205841064453,128.7870330810547,82.51870727539062,29.527639389038086,33.983482360839844,65.36876678466797,74.19999694824219,430.69580078125,82.81
2023-08-11,41.12615203857422,82.97484588623047,69.424072265625,104.541748046875,39.1888313293457,33.419044494628906,129.58937072753906,81.91011810302734,29.68856430053711,34.04723358154297,65.05860137939453,74.25,430.44464111328125,83.17
2023-08-14,40.95232009887695,83.22908782958984,69.08068084716797,104.58014678955078,39.274105072021484,33.35205841064453,129.98098754882812,83.21559143066406,29.45406723022461,33.86510467529297,65.5335464477539,73.80999755859375,432.8207092285156,82.5
2023-08-15,40.101436614990234,82.0948486328125,68.33816528320312,103.24565124511719,38.63453674316406,32.73956298828125,129.50343322753906,82.39600372314453,28.97589111328125,33.519081115722656,64.95198059082031,72.62000274658203,427.77886962890625,81.06
2023-08-16,39.753761291503906,81.07793426513672,68.18038940429688,102.66960906982422,38.37397766113281,32.691715240478516,128.51956176757812,81.61076354980469,29.104631423950195,33.109310150146484,64.1765365600586,71.37000274658203,424.6397705078125,79.4
2023-08-17,40.22952651977539,79.70416259765625,67.52142333984375,101.8055419921875,38.29817199707031,32.529022216796875,127.49751281738281,80.83533477783203,29.040260314941406,32.86345291137695,63.439884185791016,71.9800033569336,421.404052734375,80.43
2023-08-18,40.62752151489258,79.52326965332031,67.77201080322266,101.99755096435547,38.293434143066406,32.51945495605469,127.54527282714844,80.95804595947266,29.191991806030273,32.954505920410156,63.061866760253906,72.79000091552734,421.60687255859375,81.25
2023-08-21,40.37134552001953,80.43750762939453,67.31723022460938,101.87274169921875,38.29817199707031,32.48116683959961,127.67901611328125,82.50397491455078,29.008073806762695,32.6722297668457,63.51742935180664,72.58000183105469,424.3500061035156,80.71
2023-08-22,40.06026077270508,80.5548324584961,66.93669128417969,101.63274383544922,38.2650146484375,32.174930572509766,127.23008728027344,82.41071319580078,29.090839385986328,32.77239227294922,63.51742935180664,72.27999877929688,423.20050048828125,80.25
2023-08-23,39.959617614746094,81.2001724243164,67.38220977783203,102.67919921875,38.326602935791016,32.490745544433594,127.61216735839844,83.89777374267578,29.20578384399414,33.2550048828125,64.54487609863281,71.36000061035156,427.9140625,78.91
2023-08-24,39.685142517089844,79.61125946044922,66.8438720703125,101.43112182617188,38.16551971435547,32.37590789794922,126.50414276123047,81.96412658691406,29.035667419433594,33.1002082824707,63.30418014526367,71.41000366210938,421.9835205078125,79.52
2023-08-25,40.06940841674805,80.50106811523438,67.21512603759766,102.28557586669922,38.27922821044922,32.529022216796875,127.43067932128906,82.79845428466797,29.256364822387695,33.19126892089844,63.372039794921875,72.44999694824219,424.95843505859375,80.47
2023-08-28,40.33932113647461,80.82372283935547,67.52142333984375,103.12084197998047,38.558746337890625,32.710853576660156,127.7267837524414,83.47570037841797,29.25176429748535,33.45533752441406,64.14746856689453,72.41000366210938,427.6532897949219,80.65
2023-08-29,40.4491081237793,82.84284210205078,67.76272583007812,103.90808868408203,39.19831085205078,33.00753402709961,128.87295532226562,85.14925384521484,29.36211585998535,33.837791442871094,65.57231903076172,73.31999969482422,433.8348693847656,81.14
2023-08-30,40.65039825439453,83.19974517822266,67.87411499023438,104.37853240966797,39.2883186340332,33.026676177978516,128.77748107910156,85.79216766357422,29.22877311706543,33.95616912841797,65.58202362060547,73.66000366210938,435.62176513671875,81.64
2023-08-31,40.67784118652344,83.45886993408203,67.53070068359375,103.90808868408203,39.26936721801758,32.902259826660156,127.2396469116211,86.20933532714844,28.948305130004883,33.71030807495117,65.64987182617188,75.05999755859375,434.98431396484375,83.55
2023-09-01,41.51042938232422,82.95040130615234,66.95525360107422,104.45532989501953,39.709957122802734,33.19893264770508,127.58351135253906,86.47431945800781,28.801170349121094,33.69209671020508,65.03919219970703,76.91999816894531,435.795654296875,85.52
2023-09-05,41.73001480102539,83.00907897949219,66.37981414794922,102.69841003417969,38.97563934326172,32.86397933959961,126.26533508300781,86.78351593017578,28.359771728515625,33.35517883300781,65.0295181274414,77.76000213623047,433.9121398925781,86.74
2023-09-06,41.748313903808594,82.27084350585938,66.30555725097656,102.25677490234375,38.8903694152832,32.84484100341797,125.57760620117188,85.86579132080078,28.424144744873047,33.29143142700195,64.82596588134766,78.5199966430664,430.9952392578125,87.55
2023-09-07,41.70713806152344,82.50061798095703,66.46333312988281,101.92074584960938,38.71507263183594,32.758705139160156,126.14115142822266,84.62410736083984,28.796571731567383,33.564613342285156,64.70964813232422,77.94999694824219,429.67193603515625,86.87
2023-09-08,42.109710693359375,82.50061798095703,66.546875,101.41191864013672,38.75298309326172,32.82569885253906,126.14115142822266,84.80078887939453,29.04945945739746,33.3460693359375,64.90351104736328,78.30000305175781,430.319091796875,87.51
2023-09-11,41.556175231933594,84.72020721435547,67.1223373413086,101.44071960449219,38.918792724609375,32.97882080078125,127.0103988647461,85.24247741699219,29.16900062561035,33.36427688598633,65.88249206542969,78.37000274658203,433.1492004394531,87.3
2023-09-12,42.535152435302734,83.95265197753906,66.546875,101.07589721679688,38.828773498535156,33.19893264770508,126.84800720214844,83.6965560913086,29.20578384399414,33.36427688598633,65.19430541992188,79.69999694824219,430.7731018066406,88.87
2023-09-13,42.21492004394531,84.61753845214844,66.7510757446289,100.40384674072266,38.60137939453125,33.19893264770508,126.86710357666016,83.90758514404297,29.55522346496582,33.027366638183594,65.40754699707031,79.68000030517578,431.27532958984375,88.59
2023-09-14,42.708988189697266,85.44863891601562,67.42859649658203,101.3927230834961,39.14619827270508,33.50518035888672,127.26828002929688,84.51614379882812,29.9874267578125,33.62835693359375,66.31866455078125,81.12000274658203,434.9939270019531,90.13
2023-09-15,42.09141159057617,83.98686218261719,66.8717269897461,100.80706787109375,38.7103385925293,33.332916259765625,126.26533508300781,82.89168548583984,29.85868263244629,33.5008659362793,65.43663024902344,81.29000091552734,429.7530212402344,90.83
2023-09-18,42.44810104370117,83.0734634399414,66.84835815429688,100.91889190673828,38.549442291259766,33.42423629760742,126.07351684570312,83.2900619506836,29.836435317993164,33.20806884765625,65.4832534790039,81.44999694824219,430.0050354003906,91.47
2023-09-19,42.05177688598633,82.65716552734375,66.68952178955078,100.49474334716797,38.51612091064453,33.38579177856445,126.17901611328125,83.24578857421875,29.674203872680664,33.03368377685547,65.5318374633789,81.5,429.11328125,91.16
2023-09-20,41.660064697265625,81.83436584472656,66.75492858886719,100.09951782226562,38.111480712890625,33.15508270263672,126.18861389160156,81.93754577636719,29.70201873779297,33.09792709350586,64.63786315917969,80.13999938964844,425.16827392578125,89.2
2023-09-21,41.088619232177734,79.60104370117188,65.895263671875,98.46074676513672,37.345069885253906,32.607139587402344,125.08563995361328,80.68832397460938,29.391462326049805,31.950607299804688,63.8410758972168,80.41000366210938,418.1409606933594,89.56
2023-09-22,41.15774154663086,78.81742095947266,65.5401840209961,98.12335968017578,37.30698776245117,32.357208251953125,124.82669067382812,80.86046600341797,29.335840225219727,31.73031997680664,63.76333999633789,80.62999725341797,417.20074462890625,90.0
2023-09-25,41.673885345458984,79.30229187011719,65.30657196044922,98.614990234375,37.60212707519531,32.43410873413086,125.50765991210938,81.12113189697266,29.29412269592285,31.675251007080078,63.91880798339844,80.38999938964844,418.9551696777344,89.68
2023-09-26,41.43424606323242,77.85748291015625,64.8206787109375,97.1111831665039,37.059452056884766,32.00152587890625,124.44305419921875,79.660400390625,28.41808319091797,31.1153621673584,63.20947265625,80.87999725341797,412.8001708984375,91.43
2023-09-27,42.46653747558594,77.55874633789062,64.28805541992188,97.83415985107422,37.054683685302734,31.953460693359375,123.81963348388672,79.78336334228516,27.87113380432129,30.840003967285156,63.374664306640625,82.9000015258789,412.9649658203125,93.67
2023-09-28,42.51262283325195,78.42561340332031,64.4842758178711,98.24868774414062,37.454559326171875,32.18416976928711,124.41429138183594,80.34896850585938,27.268564224243164,31.1612491607666,64.07429504394531,81.56999969482422,415.35906982421875,91.65
2023-09-29,41.65544891357422,78.84191131591797,64.29740142822266,97.7281265258789,37.39267349243164,31.88616180419922,123.47437286376953,80.62438201904297,27.314916610717773,31.271394729614258,63.71474838256836,80.86000061035156,414.35107421875,90.77
2023-10-02,40.825931549072266,78.90557861328125,63.85822296142578,96.77378845214844,36.89759826660156,31.617002487182617,123.3017349243164,81.4900131225586,26.044885635375977,30.70232391357422,64.19088745117188,79.38999938964844,414.1862487792969,88.81
2023-10-03,40.79828643798828,76.98571014404297,63.40035629272461,96.09900665283203,36.79762649536133,31.117130279541016,122.20834350585938,80.10797882080078,26.346168518066406,30.142431259155273,63.326072692871094,79.93000030517578,408.64190673828125,89.26
2023-10-04,39.517154693603516,78.50398254394531,63.90494155883789,96.40748596191406,37.23081970214844,31.34784507751465,122.72626495361328,81.10638427734375,26.318359375,30.463680267333984,63.92852783203125,75.58999633789062,411.6176452636719,84.32
2023-10-05,39.27290725708008,78.1121597290039,62.64347839355469,95.8387451171875,36.778587341308594,31.492034912109375,123.39763641357422,81.21458435058594,26.1653995513916,30.6839656829834,63.8410758972168,73.98999786376953,411.4625244140625,82.3
2023-10-06,39.507930755615234,78.66070556640625,62.29774475097656,97.14974212646484,37.12609100341797,31.76120376586914,124.69242095947266,82.73430633544922,26.53621482849121,30.80329132080078,65.016845703125,74.16000366210938,416.3477783203125,82.83
2023-10-09,40.825931549072266,78.74398040771484,62.353816986083984,98.67283630371094,37.17369079589844,31.780431747436523,125.1240234375,83.16218566894531,26.800416946411133,31.20714569091797,65.71647644042969,77.12999725341797,419.0133361816406,
2023-10-10,40.87663650512695,79.60594177246094,62.98922348022461,99.2705078125,37.56880569458008,32.011138916015625,125.71865844726562,83.2900619506836,27.166593551635742,31.317285537719727,66.09542846679688,76.70999908447266,421.1941833496094,85.89
2023-10-11,40.35127258300781,79.89000701904297,62.55937194824219,99.8681640625,37.65924835205078,32.059200286865234,125.16239166259766,84.06222534179688,27.606929779052734,31.950607299804688,66.69788360595703,75.66999816894531,422.91949462890625,83.7
2023-10-12,40.39735794067383,79.0182113647461,61.87725067138672,98.96202087402344,37.09752655029297,31.857324600219727,124.08818054199219,84.14091491699219,27.180496215820312,31.52838897705078,65.91081237792969,75.41999816894531,420.34124755859375,82.87
2023-10-13,41.286781311035156,77.85748291015625,62.419227600097656,98.08480834960938,36.959476470947266,31.924617767333984,124.86506652832031,82.93595123291016,27.486417770385742,31.519216537475586,65.17230987548828,78.98999786376953,418.24755859375,87.67
2023-10-16,41.56328582763672,79.1161880493164,63.0639762878418,99.12591552734375,37.321266174316406,32.261070251464844,125.80496215820312,83.73270416259766,27.769163131713867,31.840457916259766,66.22175598144531,78.38999938964844,422.6481018066406,86.65
2023-10-17,41.99647521972656,79.30229187011719,63.33494567871094,99.43437957763672,37.68781661987305,32.414886474609375,125.63235473632812,83.34416961669922,27.694997787475586,31.675251007080078,66.45497131347656,78.80000305175781,422.6287536621094,86.66
2023-10-18,42.37897491455078,77.4411849975586,63.56856155395508,97.03407287597656,36.71194076538086,31.857324600219727,124.53897857666016,82.48839569091797,27.453969955444336,30.97768211364746,65.308349609375,79.83999633789062,416.9971923828125,88.35
2023-10-19,42.305240631103516,75.46256256103516,63.10133361816406,96.13756561279297,36.28350830078125,31.434362411499023,123.31131744384766,82.01622772216797,27.180496215820312,30.215858459472656,65.24034118652344,81.68000030517578,413.3332824707031,89.35
2023-10-20,41.595550537109375,74.29202270507812,62.85839080810547,95.14466857910156,35.845550537109375,30.95371437072754,122.82215881347656,80.62931060791016,26.897750854492188,30.05982208251953,64.63786315917969,80.69999694824219,408.2541809082031,89.12
2023-10-23,40.9227180480957,74.38018035888672,62.73691940307617,94.70122528076172,35.4456787109375,30.76145362854004,122.0549087524414,80.7227554321289,26.670631408691406,29.802825927734375,64.97798156738281,78.88999938964844,407.546630859375,85.49
2023-10-24,40.3466682434082,75.17359924316406,63.2695426940918,95.41458892822266,35.864601135253906,30.97294044494629,122.428955078125,81.27851867675781,27.35663604736328,30.17914390563965,65.74563598632812,76.93000030517578,410.6192932128906,84.58
2023-10-25,40.27292251586914,73.65533447265625,63.48444366455078,94.1903305053711,35.4456787109375,30.857580184936523,121.33557891845703,80.3194580078125,27.50959014892578,29.545822143554688,62.89853286743164,78.45999908447266,404.7259826660156,86.07
2023-10-26,39.95955276489258,72.50437927246094,63.07331466674805,93.79509735107422,35.6932258605957,30.790292739868164,120.13670349121094,78.78498077392578,27.745983123779297,30.169967651367188,61.52841567993164,76.88999938964844,399.8796081542969,83.8
2023-10-27,39.00100326538086,73.2635269165039,62.21364212036133,92.9660873413086,35.67893600463867,30.232742309570312,118.1034164428711,79.24237823486328,27.222213745117188,29.69268035888672,61.304931640625,78.36000061035156,398.06695556640625,86.04
2023-10-30,39.130043029785156,73.93450164794922,63.185447692871094,94.12286376953125,36.045494079589844,30.77106475830078,118.76518249511719,80.09323120117188,27.430795669555664,29.784467697143555,62.56813430786133,76.05000305175781,402.8262023925781,83.03
2023-10-31,39.25907897949219,74.49283599853516,63.409698486328125,94.81690216064453,36.20734405517578,31.107519149780273,119.44615936279297,80.6637191772461,27.66718864440918,30.381072998046875,62.88880920410156,75.0199966430664,405.3561096191406,81.64
2023-11-01,39.16691207885742,75.41358184814453,63.34428787231445,95.12539672851562,36.22637939453125,31.309391021728516,119.69550323486328,82.22280883789062,27.982376098632812,30.537109375,63.811920166015625,74.75,409.6790466308594,81.05
2023-11-02,40.35127258300781,77.3824234008789,64.16658020019531,97.08226776123047,36.92615509033203,32.049583435058594,121.59452819824219,83.61466217041016,28.506149291992188,31.482501983642578,64.65730285644531,76.18000030517578,417.53033447265625,83.04
2023-11-03,39.94573211669922,78.46969604492188,64.2413330078125,97.9402084350586,37.50691604614258,32.47256088256836,122.1987533569336,84.47535705566406,28.673015594482422,32.22596740722656,65.64845275878906,74.8499984741211,421.339599609375,81.19
2023-11-06,39.49410629272461,78.5676498413086,64.34412384033203,97.67993927001953,37.321266174316406,32.37643814086914,123.01398468017578,85.03111267089844,28.598852157592773,31.7854061126709,65.4735336303711,74.91000366210938,422.3088684082031,81.54
2023-11-07,38.61851119995117,79.44432067871094,64.50296020507812,97.43893432617188,36.597686767578125,32.328365325927734,123.10031127929688,85.96065521240234,28.390268325805664,31.519216537475586,65.82335662841797,71.80000305175781,423.5107727050781,77.96
2023-11-08,38.13462829589844,79.23372650146484,64.25068664550781,97.66065216064453,36.71194076538086,32.36681365966797,122.92768859863281,86.44756317138672,28.181686401367188,31.702787399291992,65.51241302490234,70.19000244140625,423.82098388671875,75.85
2023-11-09,38.0194206237793,77.75463104248047,63.989044189453125,97.44857788085938,36.39775466918945,32.23223114013672,120.38606262207031,86.04428100585938,27.810876846313477,31.216325759887695,65.49298095703125,70.25,420.5156555175781,76.34
2023-11-10,38.438777923583984,79.047607421875,64.43755340576172,98.85600280761719,36.82618713378906,32.59751892089844,121.10538482666016,88.2918930053711,27.959203720092773,31.565101623535156,66.53271484375,71.79000091552734,427.0777587890625,
2023-11-13,38.71529006958008,79.38554382324219,64.64313507080078,98.94273376464844,36.77382278442383,32.549468994140625,121.8055419921875,87.77547454833984,27.625469207763672,31.298927307128906,66.3869400024414,72.91999816894531,426.6706848144531,78.86
2023-11-14,39.060916900634766,82.0596694946289,65.30657196044922,100.92853546142578,37.85918426513672,33.16468811035156,122.63036346435547,89.53129577636719,28.7286319732666,32.98779296875,67.46554565429688,72.69000244140625,434.94842529296875,78.9
2023-11-15,38.987186431884766,82.15760040283203,65.82984161376953,101.14061737060547,38.02579879760742,33.34733581542969,122.72626495361328,89.6444091796875,28.64056968688965,33.06122589111328,67.7959213256836,71.33999633789062,435.8691711425781,77.15
2023-11-16,38.22679138183594,81.31521606445312,65.01691436767578,101.15989685058594,38.14005661010742,33.48191833496094,123.2537612915039,90.0919418334961,28.793529510498047,33.052040100097656,68.0971450805664,68.05000305175781,436.40234375,73.5
2023-11-17,39.02865982055664,81.85884094238281,64.93280792236328,101.8057632446289,38.21145248413086,33.65495300292969,123.00440216064453,89.90506744384766,28.872325897216797,33.015323638916016,68.0874252319336,70.75,436.9451904296875,76.47
2023-11-20,39.08395767211914,82.28004455566406,64.8860855102539,102.1142349243164,38.278106689453125,33.7895393371582,123.75249481201172,91.20838928222656,28.784257888793945,33.27232360839844,68.85506439208984,72.30000305175781,440.3085632324219,78.1
2023-11-21,38.99639892578125,82.06944274902344,65.08231353759766,102.03711700439453,38.4256706237793,33.77030944824219,124.5005874633789,90.47065734863281,28.844514846801758,33.10710525512695,68.62187194824219,72.52999877929688,439.3489074707031,78.35
2023-11-22,38.97796630859375,82.31922149658203,65.54952239990234,102.25882720947266,38.44947052001953,33.90488815307617,125.09524536132812,90.87396240234375,28.983566284179688,33.20806884765625,69.18545532226562,71.61000061035156,441.04522705078125,76.8
2023-11-24,39.13925552368164,82.39759063720703,65.79248046875,102.50944519042969,38.6160888671875,34.01063537597656,125.7666244506836,90.6968994140625,29.05773162841797,33.33657455444336,68.9522476196289,70.81999969482422,441.3166198730469,74.83
2023-11-27,39.00100326538086,82.52981567382812,65.6055908203125,101.93107604980469,38.56847381591797,33.89527893066406,124.98014831542969,90.69198608398438,29.10408592224121,33.45589828491211,68.52470397949219,69.95999908447266,440.52178955078125,74.46
2023-11-28,39.01022720336914,83.00489044189453,65.90460968017578,101.69007873535156,38.644649505615234,33.88566970825195,124.33753204345703,90.86412048339844,29.196788787841797,33.639469146728516,68.68989562988281,71.26000213623047,440.9579772949219,76.09
2023-11-29,38.71989440917969,82.77960205078125,65.37198638916016,102.07568359375,38.84458923339844,34.1259880065918,124.37590026855469,90.9329833984375,28.965030670166016,33.89646911621094,68.1943130493164,72.5199966430664,440.6478271484375,77.56
2023-11-30,38.97796630859375,82.66206359863281,66.02608489990234,103.19388580322266,39.23017120361328,34.510501861572266,125.93923950195312,91.06576538085938,29.090177536010742,34.17182540893555,67.7959213256836,70.13999938964844,442.3828430175781,75.66
2023-12-01,39.18073654174805,83.79341125488281,66.29706573486328,104.8230209350586,39.67764663696289,34.770057678222656,126.4379653930664,91.27233123779297,29.447078704833984,34.88774490356445,67.93196105957031,69.23999786376953,444.9999084472656,73.7
2023-12-04,39.00100326538086,83.47505950927734,66.38115692138672,104.99652862548828,39.21588897705078,34.731605529785156,126.67774963378906,90.16082000732422,29.331207275390625,35.080509185791016,67.25176239013672,68.47000122070312,442.6639404296875,72.73
2023-12-05,38.3189697265625,83.62198638916016,65.8578872680664,104.14823913574219,38.67797088623047,34.55857467651367,126.51471710205078,90.70182800292969,29.122623443603516,34.93364715576172,66.94081115722656,67.58000183105469,442.5767517089844,71.95
2023-12-06,37.74752426147461,83.74443817138672,65.68968200683594,104.6109390258789,38.5970458984375,34.38554000854492,126.6106185913086,89.9345703125,29.51197624206543,34.814327239990234,66.76590728759766,64.76000213623047,440.7931823730469,68.98
2023-12-07,37.48945236206055,84.43498229980469,65.97000885009766,104.70732879638672,38.858863830566406,34.54895782470703,126.4571762084961,91.02643585205078,29.447078704833984,34.8602180480957,68.16516876220703,65.11000061035156,444.1566467285156,69.0
2023-12-08,37.894989013671875,84.8218994140625,65.51215362548828,105.03509521484375,39.00166702270508,34.731605529785156,126.66815185546875,91.80350494384766,29.391462326049805,34.78678512573242,68.48583984375,66.52999877929688,446.0661315917969,70.87
2023-12-11,37.941070556640625,85.04719543457031,66.1382064819336,106.03762817382812,39.27777862548828,34.94308090209961,127.50259399414062,92.60516357421875,29.58150291442871,34.90610122680664,67.96110534667969,66.80000305175781,447.8011474609375,70.95
2023-12-12,37.420326232910156,85.31167602539062,66.3531265258789,106.51960754394531,39.50627517700195,35.19302749633789,128.04928588867188,93.21995544433594,29.46099090576172,34.89693069458008,68.24290466308594,64.25,449.8463134765625,68.27
2023-12-13,37.941070556640625,86.4283218383789,67.55853271484375,107.705322265625,39.98707580566406,35.76019287109375,130.40866088867188,94.04130554199219,30.57342529296875,36.163570404052734,68.88422393798828,65.33000183105469,456.0498352050781,69.09
2023-12-14,39.05630874633789,87.58906555175781,66.56803894042969,109.09342956542969,40.64875793457031,36.115867614746094,129.77565002441406,93.81014251708984,30.174800872802734,37.164039611816406,69.18545532226562,67.16000366210938,457.513427734375,71.21
2023-12-15,38.848934173583984,87.77027130126953,66.56803894042969,108.94882202148438,40.544036865234375,35.90438461303711,128.67269897460938,94.28228759765625,29.651029586791992,36.714290618896484,69.01054382324219,67.1500015258789,456.7601623535156,71.05
2023-12-18,39.16624069213867,88.31489562988281,67.260986328125,108.94398498535156,40.60682678222656,36.02417755126953,128.8826904296875,94.56423950195312,29.584121704101562,36.61317825317383,69.86190032958984,68.08999633789062,459.3294982910156,72.16
2023-12-19,39.63616180419922,89.00668334960938,67.3927993774414,109.7872314453125,40.98073196411133,36.29467010498047,129.74974060058594,94.9240493774414,29.752561569213867,36.8636360168457,70.57299041748047,69.36000061035156,462.12255859375,73.23
2023-12-20,39.26860046386719,87.38268280029297,66.08411407470703,108.01349639892578,40.35276412963867,35.64741134643555,127.8711166381836,93.48970031738281,29.14899253845215,36.39982604980469,70.02750396728516,68.79000091552734,455.7188415527344,73.87
2023-12-21,39.42213821411133,88.71229553222656,66.5454330444336,109.1281509399414,40.77939987182617,35.99518585205078,129.4318389892578,94.53958892822266,29.20046043395996,36.7059326171875,70.71910095214844,69.02999877929688,460.0398864746094,73.59
2023-12-22,39.5384521484375,88.05976104736328,67.05386352539062,109.65154266357422,41.03346633911133,36.07247543334961,130.07733154296875,94.66281127929688,29.298715591430664,36.85435104370117,70.72885131835938,68.69000244140625,460.9644470214844,73.29
2023-12-26,39.87810134887695,88.4326400756836,67.3363037109375,110.42695617675781,41.2252082824707,36.217384338378906,130.36631774902344,95.05713653564453,29.476511001586914,37.12336730957031,71.0015869140625,70.20999908447266,462.91082763671875,75.84
2023-12-27,39.701297760009766,88.73682403564453,67.64700317382812,110.59172058105469,41.325870513916016,36.333309173583984,130.9154510498047,95.05220794677734,29.45779800415039,37.33671951293945,71.01133728027344,68.91999816894531,463.747802734375,74.31
2023-12-28,39.09645462036133,88.27562713623047,67.67523956298828,110.62080383300781,41.16768264770508,36.4395751953125,131.25262451171875,95.16557312011719,29.6683406829834,37.568626403808594,71.20616149902344,67.18000030517578,463.9230041503906,72.02
2023-12-29,39.00804901123047,87.73102569580078,67.81646728515625,110.48509216308594,41.00470733642578,36.32365417480469,131.38751220703125,94.87476348876953,29.63091468811035,37.16047286987305,70.77755737304688,66.6500015258789,462.5799255371094,71.89
2024-01-02,39.42679214477539,86.91657257080078,68.5790786743164,109.37045288085938,40.932796478271484,36.478214263916016,133.69964599609375,92.39051055908203,30.06136131286621,37.503692626953125,70.378173828125,65.7699966430664,459.9912414550781,70.62
2024-01-03,40.06886291503906,85.16007995605469,68.04242706298828,107.74211120605469,40.49178695678711,36.16908264160156,133.47808837890625,91.44905853271484,30.17365074157715,36.61317825317383,70.11518859863281,68.19000244140625,456.234619140625,72.97
2024-01-04,39.366302490234375,84.56150817871094,67.94828796386719,107.87782287597656,40.36235046386719,36.31399154663086,134.14283752441406,90.7787094116211,30.080078125,36.520416259765625,69.88138580322266,67.56999969482422,454.7650451660156,72.38
2024-01-05,39.39887237548828,84.69398498535156,67.79763793945312,108.00381469726562,40.429466247558594,36.46855163574219,134.02720642089844,90.75404357910156,30.192365646362305,36.44620895385742,70.17362976074219,69.02999877929688,455.387939453125,74.0
2024-01-08,38.94291687011719,86.13644409179688,68.29663848876953,108.71137237548828,40.60203552246094,36.700416564941406,135.21218872070312,93.03130340576172,30.41227149963379,36.94711685180664,71.26460266113281,66.4000015258789,461.8890075683594,71.06
2024-01-09,38.3194465637207,85.81754302978516,68.47552490234375,108.37213897705078,40.13705825805664,36.46855163574219,135.1929168701172,93.17916107177734,30.164297103881836,36.68738555908203,71.11848449707031,67.38999938964844,461.1882629394531,72.43
2024-01-10,37.94259262084961,86.50442504882812,68.33430480957031,108.92459869384766,40.08432388305664,36.52652359008789,135.80950927734375,93.97274017333984,30.159616470336914,36.74304962158203,71.78086853027344,66.55999755859375,463.7964782714844,71.57
2024-01-11,38.0402946472168,86.39158630371094,68.32489013671875,108.67259979248047,39.9644889831543,36.39128112792969,135.71316528320312,94.45085906982422,29.45779800415039,36.39982604980469,71.54708862304688,67.6500015258789,463.59210205078125,72.15
2024-01-12,38.46833801269531,85.3514404296875,68.54142761230469,108.66290283203125,40.00282669067383,36.32365417480469,135.37596130371094,94.75646209716797,29.62623405456543,36.67810821533203,71.89775085449219,68.0199966430664,463.91326904296875,72.94
2024-01-16,37.5517578125,85.25331115722656,68.16483306884766,107.5676498413086,39.542640686035156,36.07247543334961,134.5666961669922,94.99304962158203,29.30339241027832,36.455474853515625,71.48863983154297,67.25,462.2101135253906,72.63
2024-01-17,37.24003219604492,84.50753021240234,68.11774444580078,106.8407211303711,39.255027770996094,36.004852294921875,134.29696655273438,94.5248031616211,28.877620697021484,35.78759765625,71.05030059814453,67.94000244140625,459.6408996582031,72.79
2024-01-18,37.17955017089844,84.98834991455078,68.03302764892578,108.28490447998047,39.379661560058594,36.06281280517578,134.27769470214844,96.44219970703125,28.568819046020508,35.55569076538086,71.9172592163086,69.05999755859375,463.72833251953125,74.32
2024-01-19,37.300514221191406,85.80772399902344,67.83531188964844,108.9924545288086,39.41801071166992,36.64244842529297,134.35476684570312,98.66521453857422,28.531389236450195,35.89890670776367,72.89134979248047,68.81999969482422,469.50927734375,73.69
2024-01-22,37.44009780883789,85.429931640625,67.50576782226562,109.835693359375,39.53306579589844,36.81634521484375,134.94241333007812,99.0989761352539,28.3863468170166,36.06588363647461,73.03744506835938,69.69000244140625,470.50201416015625,75.26
2024-01-23,37.51919174194336,85.22386169433594,68.24015045166016,109.74848175048828,39.662479400634766,36.874298095703125,134.84609985351562,99.49822235107422,28.43781089782715,35.8710823059082,73.7582778930664,69.66000366210938,471.8741760253906,74.72
2024-01-24,38.05425262451172,84.90003967285156,67.40220642089844,109.06999969482422,39.1255989074707,37.01920700073242,133.61293029785156,100.18336486816406,28.04947280883789,35.37944030761719,74.21609497070312,70.54000091552734,472.3900146484375,75.48
2024-01-25,38.910343170166016,83.85008239746094,68.05184936523438,110.11678314208984,39.5378532409668,37.202762603759766,133.41062927246094,100.60234069824219,28.554780960083008,35.8618049621582,75.42398071289062,72.2300033569336,474.9593200683594,77.91
2024-01-26,39.19881057739258,84.2327651977539,68.38136291503906,109.94231414794922,39.55223846435547,37.3380126953125,134.17172241210938,99.44402313232422,28.639001846313477,35.70410919189453,75.6675033569336,73.0999984741211,474.3559265136719,78.45
2024-01-29,39.14297103881836,85.46428680419922,68.77680206298828,110.6595687866211,39.74877166748047,37.43461227416992,135.1158447265625,100.35590362548828,28.821475982666016,35.96384048461914,76.30065155029297,72.05000305175781,478.11248779296875,77.25
2024-01-30,39.54776382446289,85.41519927978516,69.1628189086914,110.69834899902344,39.930931091308594,37.907981872558594,135.42413330078125,99.52780151367188,28.812116622924805,35.62990188598633,75.78437805175781,72.80999755859375,477.7427062988281,78.3
2024-01-31,38.8079833984375,83.8598861694336,68.65440368652344,109.4189224243164,39.408424377441406,37.444271087646484,135.2410888671875,97.4378662109375,28.75129508972168,35.37016677856445,73.91413116455078,70.91999816894531,469.94720458984375,76.28
2024-02-01,38.80333709716797,85.47409057617188,70.05724334716797,111.27987670898438,40.065155029296875,37.50223922729492,136.99444580078125,98.66521453857422,29.298715591430664,35.99167251586914,74.6739273071289,69.06999969482422,476.0979919433594,74.36
2024-02-02,38.85916519165039,86.9999771118164,69.83129119873047,112.02621459960938,39.83026123046875,37.656803131103516,136.79214477539062,99.68553924560547,28.770009994506836,35.53714370727539,77.67411804199219,67.51000213623047,481.1099853515625,72.72
2024-02-05,38.76145553588867,85.77339172363281,69.398193359375,111.41558074951172,38.818809509277344,37.43461227416992,137.21604919433594,99.91228485107422,28.171125411987305,34.83214569091797,76.5831527709961,68.18000030517578,479.35821533203125,73.21
2024-02-06,38.887081146240234,86.29346466064453,69.55825805664062,112.4139175415039,39.50429916381836,37.51190185546875,138.70933532714844,99.4538803100586,28.274057388305664,35.36088943481445,76.34934997558594,68.80999755859375,480.7499084472656,73.83
2024-02-07,38.96617889404297,87.260009765625,69.49234771728516,113.16024780273438,39.8206787109375,37.792057037353516,139.0850372314453,100.76993560791016,28.292770385742188,35.342342376708984,76.73900604248047,69.41999816894531,484.7596435546875,74.26
2024-02-08,39.366302490234375,87.64271545410156,69.47351837158203,113.17963409423828,39.7679443359375,37.64714813232422,138.84417724609375,101.08538818359375,28.091583251953125,35.53714370727539,77.03125,71.5199966430664,484.9737243652344,76.67
2024-02-09,38.76145553588867,88.26581573486328,68.83329772949219,113.35408020019531,39.854225158691406,37.75341033935547,138.73817443847656,102.44580078125,28.199193954467773,35.62990188598633,77.118896484375,71.66999816894531,487.776611328125,77.26
2024-02-12,39.18950653076172,88.19222259521484,69.3228759765625,113.51885223388672,40.170616149902344,37.92729949951172,138.9212646484375,101.66703033447266,28.52671241760254,35.518585205078125,77.36241149902344,72.11000061035156,487.56243896484375,77.34
2024-02-13,38.79402160644531,86.43574523925781,68.5790786743164,112.35575103759766,39.60496520996094,37.415287017822266,137.6302947998047,99.94184875488281,28.054149627685547,34.86925506591797,76.27143859863281,72.6500015258789,480.84722900390625,78.28
2024-02-14,38.756805419921875,87.34832000732422,68.44727325439453,114.2361068725586,39.85902404785156,37.77273178100586,138.82492065429688,100.98681640625,28.20855140686035,35.101158142089844,77.48905181884766,71.55000305175781,485.217041015625,77.09
2024-02-15,39.83623123168945,88.3590316772461,68.88978576660156,115.08905792236328,40.61162567138672,38.41999053955078,139.8364715576172,100.77486419677734,28.681108474731445,35.94528579711914,78.1222152709961,72.83999633789062,488.56488037109375,78.47
2024-02-16,39.81296157836914,87.83406829833984,68.99335479736328,114.40088653564453,40.827335357666016,38.28474044799805,140.28929138183594,99.84820556640625,28.648361206054688,35.57424545288086,76.90459442138672,73.41000366210938,486.1318664550781,79.65
2024-02-20,39.45005416870117,87.0048828125,69.71831512451172,114.0422592163086,40.74105453491211,38.17847442626953,139.81719970703125,98.83280944824219,28.6296443939209,35.518585205078125,76.78770446777344,72.41999816894531,483.45550537109375,78.72
2024-02-21,40.1898307800293,87.64762115478516,69.97250366210938,114.49781799316406,40.96635818481445,38.294403076171875,140.12547302246094,98.21174621582031,29.00862693786621,35.7783203125,76.70004272460938,73.19999694824219,483.8934326171875,78.89
2024-02-22,40.25962448120117,89.35013580322266,70.18905639648438,115.91291046142578,41.378604888916016,38.73878860473633,141.7729034423828,101.42550659179688,28.784046173095703,35.8710823059082,77.84944915771484,73.5999984741211,493.9078674316406,79.64
2024-02-23,39.99441909790039,88.94780731201172,70.40559387207031,116.52354431152344,41.623077392578125,38.93199920654297,142.44728088378906,101.18891143798828,28.989912033081055,35.91746139526367,77.65465545654297,71.91999816894531,494.2484436035156,77.6
2024-02-26,40.13399887084961,89.22257232666016,70.12316131591797,116.34908294677734,41.373809814453125,38.73878860473633,141.71510314941406,101.28749084472656,28.419097900390625,35.509315490722656,76.52470397949219,72.79000091552734,492.438232421875,78.53
2024-02-27,39.961849212646484,89.5169448852539,70.132568359375,116.52354431152344,41.52720642089844,38.84505081176758,141.36827087402344,101.37620544433594,28.95716094970703,35.53714370727539,77.14810943603516,73.8499984741211,493.35308837890625,79.8
2024-02-28,39.882755279541016,89.8702163696289,70.20789337158203,116.92093658447266,41.65663146972656,38.98996353149414,140.66497802734375,100.8980941772461,29.04606056213379,35.99167251586914,76.62211608886719,73.62000274658203,492.7010192871094,79.44
2024-02-29,40.07815933227539,90.47859954833984,70.09489440917969,117.2795639038086,41.973018646240234,38.97063446044922,139.51853942871094,102.02190399169922,29.055416107177734,36.27923583984375,77.30396270751953,73.36000061035156,494.4723205566406,79.22
2024-03-01,40.543434143066406,90.77790069580078,70.10432434082031,117.78358459472656,42.16476058959961,38.922332763671875,140.98292541503906,103.88508605957031,28.877620697021484,36.67810821533203,77.94686889648438,74.95999908447266,499.1145324707031,80.9
2024-03-04,40.11073303222656,89.55130767822266,70.16081237792969,118.21004486083984,42.4715461730957,39.01893997192383,140.77093505859375,103.88508605957031,29.36421775817871,37.09553527832031,76.92407989501953,74.01000213623047,498.57928466796875,79.67
2024-03-05,40.408504486083984,88.43754577636719,70.33027648925781,117.24079132080078,42.246246337890625,39.02861022949219,139.7208709716797,101.33184051513672,29.279996871948242,36.62245559692383,76.30065155029297,73.44999694824219,493.59637451171875,79.11
2024-03-06,40.53413009643555,88.12354278564453,70.92343139648438,117.8514175415039,42.55783462524414,39.231475830078125,140.67462158203125,102.13529205322266,29.56072998046875,36.82653045654297,76.4078140258789,74.33999633789062,496.09759521484375,80.08
2024-03-07,40.87842559814453,88.79571533203125,71.32827758789062,118.80128479003906,43.08034896850586,39.17350769042969,141.32972717285156,103.74708557128906,29.752561569213867,36.82653045654297,77.64491271972656,74.2300033569336,501.0220947265625,79.81
2024-03-08,41.02265548706055,88.46697998046875,70.76338195800781,118.53958892822266,42.831077575683594,39.24113082885742,141.06959533691406,102.20429992675781,29.82741928100586,37.26251220703125,77.52800750732422,73.36000061035156,498.01483154296875,78.96
2024-03-11,41.44605255126953,88.2265853881836,71.14940643310547,117.92896270751953,43.31523895263672,39.30875778198242,140.99253845214844,101.92333221435547,29.977142333984375,37.076988220214844,77.38189697265625,73.62000274658203,497.58660888671875,78.87
2024-03-12,41.380916595458984,88.987060546875,71.51658630371094,118.45235443115234,43.31044006347656,39.472991943359375,141.64764404296875,104.01326751708984,29.687057495117188,36.984230041503906,78.06376647949219,73.3499984741211,502.9393615722656,78.51
2024-03-13,42.04159927368164,88.80061340332031,71.69546508789062,118.772216796875,43.73706817626953,39.7628059387207,141.09854125976562,102.88944244384766,29.888246536254883,36.7523193359375,78.20013427734375,75.08999633789062,502.1509704589844,80.67
2024-03-14,42.47429275512695,88.23638916015625,71.13998413085938,118.26820373535156,43.50697708129883,39.44400405883789,140.59754943847656,102.90914916992188,29.649625778198242,36.232852935791016,78.01505279541016,76.30000305175781,501.1582946777344,82.16
2024-03-15,42.599918365478516,87.35814666748047,71.11173248291016,118.28759002685547,43.52614974975586,39.405372619628906,140.03878784179688,101.35649108886719,29.691734313964844,36.21430206298828,77.23578643798828,76.33000183105469,497.7171325683594,81.94
2024-03-18,42.747188568115234,88.025390625,71.56886291503906,118.49759674072266,43.60552215576172,39.63130187988281,140.0223388671875,101.85466003417969,29.828540802001953,36.20869445800781,78.8219985961914,77.9800033569336,500.675048828125,83.68
2024-03-19,43.234981536865234,88.78753662109375,71.83442687988281,119.5184555053711,43.61034393310547,39.82524490356445,140.9505615234375,102.38292694091797,30.09271812438965,36.20869445800781,78.79269409179688,78.43000030517578,503.4573669433594,84.39
2024-03-20,43.174007415771484,90.1102294921875,72.05258178710938,120.95738983154297,44.04812240600586,40.30039596557617,140.6314697265625,103.52837371826172,30.130460739135742,36.35812759399414,79.72059631347656,77.25,508.11407470703125,82.79
2024-03-21,43.43197250366211,90.63636016845703,72.09051513671875,122.15324401855469,44.23094177246094,40.630088806152344,140.81520080566406,103.60240936279297,30.08328628540039,36.49821853637695,79.74989318847656,76.81999969482422,509.793212890625,81.99
2024-03-22,43.33816909790039,89.8447036743164,71.7396011352539,121.73518371582031,43.956722259521484,40.164634704589844,140.62181091308594,103.63699340820312,30.125743865966797,36.068607330322266,79.91593170166016,76.68000030517578,508.8266906738281,81.1
2024-03-25,43.74153137207031,89.54967498779297,71.5404281616211,120.94766235351562,43.971153259277344,40.009483337402344,140.42845153808594,102.95072174072266,30.267269134521484,35.928524017333984,79.64244079589844,77.76000213623047,507.4208679199219,82.41
2024-03-26,43.40383529663086,89.66278076171875,71.57835388183594,120.51014709472656,43.93747329711914,40.14524459838867,140.9408721923828,102.52611541748047,29.922889709472656,35.77908706665039,79.47640991210938,77.29000091552734,506.4837341308594,82.41
2024-03-27,43.807193756103516,90.70027923583984,72.32763671875,122.44491577148438,44.56770324707031,40.620384216308594,142.81661987304688,103.0494613647461,30.75787925720215,36.68499755859375,79.88663482666016,77.51000213623047,510.7401123046875,82.15
2024-03-28,44.280906677246094,90.41999816894531,72.4224624633789,122.46436309814453,44.68796920776367,40.84341812133789,142.8359375,102.8272933959961,30.970169067382812,36.91848373413086,79.75965118408203,78.7300033569336,510.6424560546875,83.96
2024-04-01,44.60923385620117,89.74637603759766,71.84391784667969,121.52128601074219,44.582130432128906,40.620384216308594,141.61770629882812,103.11363983154297,30.78146743774414,36.274070739746094,80.375,79.66999816894531,509.754150390625,84.54
2024-04-02,45.233036041259766,88.42367553710938,71.47402954101562,120.95738983154297,44.41856384277344,40.40705108642578,139.41323852539062,102.12126922607422,30.833362579345703,35.87247848510742,80.24803161621094,80.79000091552734,506.5130920410156,85.95
2024-04-03,45.5425910949707,88.48759460449219,70.68682098388672,121.57962036132812,44.683162689208984,40.387664794921875,139.25851440429688,102.39281463623047,30.71070671081543,35.89115524291992,80.88289642333984,81.25,507.0694580078125,86.22
2024-04-04,45.51445770263672,87.4500961303711,70.38333892822266,120.51014709472656,44.23094177246094,39.931907653808594,137.2474365234375,100.77340698242188,30.649383544921875,35.6109733581543,79.78894805908203,82.2699966430664,500.8801574707031,87.37
2024-04-05,46.00224685668945,87.93688201904297,70.49715423583984,122.18241882324219,44.63024139404297,40.31008529663086,138.47535705566406,101.9287109375,30.739011764526367,35.84446334838867,80.59963989257812,82.4000015258789,506.11279296875,87.69
2024-04-08,45.71144485473633,88.77278137207031,70.39281463623047,121.96852111816406,44.663917541503906,40.48463439941406,138.03057861328125,101.81022644042969,30.941862106323242,36.15266036987305,80.60940551757812,82.19999694824219,506.3958435058594,87.24
2024-04-09,45.72551727294922,89.19074249267578,70.7342529296875,121.68656158447266,44.76975631713867,40.25190734863281,138.52369689941406,102.32369232177734,31.1116886138916,36.61029052734375,80.69731903076172,81.1500015258789,506.98162841796875,86.04
2024-04-10,45.86622619628906,87.81395721435547,70.4781723022461,120.64624786376953,44.072181701660156,39.650699615478516,136.8993377685547,101.06964874267578,30.57862091064453,35.10664749145508,80.06244659423828,82.08999633789062,501.90509033203125,86.98
2024-04-11,45.833396911621094,88.52201080322266,70.30745697021484,120.78238677978516,44.03850173950195,39.36948776245117,136.33856201171875,103.08895874023438,30.51729393005371,35.144004821777344,80.76567840576172,81.55000305175781,505.6929626464844,85.79
2024-04-12,45.08763885498047,87.08623504638672,69.59612274169922,119.48928833007812,43.25914764404297,38.84585189819336,134.3081512451172,101.4201889038086,30.286134719848633,34.77977752685547,79.43733215332031,81.52999877929688,498.7129211425781,86.46
2024-04-15,44.6655158996582,85.63570404052734,69.31160736083984,118.63370513916016,43.05228042602539,38.651912689208984,134.0374298095703,99.49466705322266,30.0078067779541,34.1727180480957,78.4312973022461,81.6500015258789,492.4649353027344,86.21
2024-04-16,44.27621841430664,85.1489028930664,69.34005737304688,118.3614730834961,42.720340728759766,38.390098571777344,134.0857391357422,99.61316680908203,29.61153793334961,33.649715423583984,78.16758728027344,81.33000183105469,491.5667419433594,86.15
2024-04-17,44.14957809448242,84.73587799072266,69.59612274169922,117.74896240234375,42.81654739379883,38.4870719909668,133.85369873046875,98.17643737792969,30.229528427124023,33.369529724121094,78.0992202758789,78.91000366210938,488.6575622558594,83.58
2024-04-18,44.01356887817383,84.20973205566406,69.91860961914062,117.34062957763672,42.83098602294922,38.62282943725586,133.8440399169922,97.05569458007812,30.399354934692383,33.378868103027344,78.48013305664062,78.77999877929688,487.6519775390625,83.5
2024-04-19,44.5435676574707,83.47217559814453,70.60147857666016,117.12672424316406,42.797306060791016,39.156158447265625,134.34681701660156,95.0561294555664,30.866382598876953,33.509620666503906,77.62062072753906,78.8499984741211,483.3956604003906,83.79
2024-04-22,44.83436584472656,83.8409652709961,71.27486419677734,118.01145935058594,42.840606689453125,39.63130187988281,134.85923767089844,95.90532684326172,31.149429321289062,33.780460357666016,77.72806549072266,78.77999877929688,487.8472595214844,83.82
2024-04-23,45.08295440673828,84.83912658691406,71.47402954101562,119.65457153320312,42.47016906738281,39.883426666259766,136.6189727783203,97.32723999023438,31.295669555664062,34.088661193847656,78.90989685058594,79.9800033569336,493.6363830566406,84.17
2024-04-24,45.11578369140625,85.65043640136719,72.01464080810547,118.7017593383789,42.49903106689453,39.87372970581055,136.1935272216797,97.7715835571289,31.484373092651367,34.21941375732422,78.95872497558594,79.63999938964844,493.4020690917969,84.09
2024-04-25,45.322147369384766,85.72420501708984,71.84391784667969,119.0615005493164,42.802120208740234,39.6410026550293,135.28466796875,97.55929565429688,31.569286346435547,34.023284912109375,76.14575958251953,80.44000244140625,491.5276794433594,84.92
2024-04-26,44.904720306396484,86.49618530273438,71.69217681884766,119.25594329833984,43.066715240478516,39.582820892333984,135.32334899902344,98.66028594970703,31.22491455078125,34.051307678222656,78.24571228027344,80.38999938964844,496.18438720703125,85.38
2024-04-29,45.20958709716797,88.50726318359375,71.9197998046875,120.05319213867188,43.42753219604492,39.524635314941406,135.77777099609375,99.08489227294922,31.64948081970215,34.4342155456543,77.33737182617188,79.5,497.9416198730469,84.26
2024-04-30,43.86347961425781,86.35359191894531,71.6068115234375,118.1475830078125,42.6385498046875,39.136756896972656,135.68109130859375,96.90264892578125,31.484373092651367,33.799137115478516,76.04808807373047,78.37999725341797,490.0536193847656,83.49
2024-05-01,43.16462707519531,85.81271362304688,71.15156555175781,117.85590362548828,42.85984420776367,39.136756896972656,135.9228057861328,95.91026306152344,31.847620010375977,33.817813873291016,76.75133514404297,75.93000030517578,488.46234130859375,80.7
2024-05-02,43.4132080078125,86.89447021484375,71.74908447265625,118.53646850585938,42.6385498046875,39.233726501464844,135.8261260986328,97.29267120361328,32.01744079589844,34.303462982177734,77.52294921875,75.93000030517578,493.0310974121094,80.59
2024-05-03,43.41789627075195,87.47959899902344,71.96722412109375,119.36288452148438,43.07152557373047,39.32099914550781,136.16453552246094,100.00321197509766,32.272186279296875,34.57430648803711,78.34339904785156,75.12999725341797,499.14239501953125,79.65
2024-05-06,43.760292053222656,88.4138412475586,72.00515747070312,120.56849670410156,43.33131408691406,39.82524490356445,136.7156524658203,101.17825317382812,32.43729782104492,34.58365249633789,79.40803527832031,75.66000366210938,504.2969665527344,80.1
2024-05-07,43.71807861328125,87.779541015625,72.79235076904297,120.8990478515625,43.846073150634766,39.96100616455078,137.84689331054688,100.84746551513672,32.80526351928711,34.94788360595703,79.49592590332031,75.5,504.8534240722656,79.97
2024-05-08,43.66648483276367,87.4500961303711,72.57421875,120.8990478515625,43.644020080566406,40.10645294189453,137.37313842773438,101.13381958007812,33.149635314941406,34.621002197265625,79.36897277832031,76.11000061035156,504.9021911621094,80.57
2024-05-09,44.252769470214844,88.0450668334961,73.20018005371094,122.10462951660156,44.12991714477539,40.40705108642578,138.55271911621094,101.10419464111328,33.65441131591797,35.442867279052734,79.76942443847656,76.5199966430664,507.81134033203125,80.86
2024-05-10,44.008872985839844,87.5730209350586,73.61749267578125,122.192138671875,44.18282699584961,40.56221008300781,138.8330841064453,101.47942352294922,33.62138366699219,35.31211853027344,79.88663482666016,75.30000305175781,508.4655456542969,79.81
2024-05-13,43.89161682128906,87.45992279052734,73.40884399414062,121.6768569946289,44.153968811035156,40.39736557006836,138.69773864746094,101.95833587646484,33.62138366699219,35.4055061340332,79.7401123046875,76.12999725341797,508.5337829589844,80.71
2024-05-14,43.947898864746094,87.85820770263672,73.26658630371094,121.64768981933594,44.197265625,40.60099792480469,139.28753662109375,102.8618392944336,33.71101379394531,35.65767288208008,80.10150909423828,75.20999908447266,510.8670349121094,79.62
2024-05-15,44.0463981628418,87.990966796875,73.31399536132812,122.44491577148438,44.27423858642578,40.90160369873047,141.35662841796875,105.17740631103516,34.21578598022461,36.264732360839844,80.60940551757812,75.87999725341797,517.193115234375,80.23
2024-05-16,43.9244499206543,87.42058563232422,74.3572769165039,121.71573638916016,43.956722259521484,40.90160369873047,141.1922607421875,104.81204223632812,34.09784698486328,36.1993522644043,80.55081176757812,76.25,516.12890625,80.85
2024-05-17,44.53887939453125,87.8680419921875,74.17707061767578,121.85184478759766,44.33197021484375,41.20220947265625,141.46298217773438,104.58000946044922,34.12615203857422,36.1993522644043,80.68754577636719,76.97000122070312,516.8709106445312,81.66
2024-05-20,44.24807357788086,87.21407318115234,73.6649169921875,122.0851821899414,44.394508361816406,40.6397819519043,141.16323852539062,105.8093490600586,34.069549560546875,35.97521209716797,80.92195892333984,76.7300033569336,517.4664306640625,81.39
2024-05-21,44.03232192993164,87.77461242675781,74.10118865966797,121.68656158447266,44.394508361816406,40.90160369873047,141.4049835205078,105.98217010498047,34.376182556152344,35.94719314575195,80.81451416015625,76.16000366210938,518.7355346679688,80.66
2024-05-22,43.18807601928711,86.86004638671875,73.80718231201172,121.8323974609375,43.96153259277344,40.66887664794922,141.65635681152344,106.21914672851562,33.970481872558594,35.63899612426758,80.91219329833984,74.87000274658203,517.241943359375,79.15
2024-05-23,42.794090270996094,85.45374298095703,72.93462371826172,120.39347839355469,43.57185363769531,40.10645294189453,140.10939025878906,105.35514068603516,33.39494323730469,34.88250732421875,79.99407196044922,74.44999694824219,513.4638061523438,77.47
2024-05-24,42.85506820678711,86.31423950195312,73.12430572509766,121.00598907470703,43.95191192626953,40.348876953125,139.63560485839844,106.24382781982422,33.729888916015625,34.88250732421875,81.0196304321289,75.3499984741211,516.8612060546875,78.48
2024-05-28,43.29595184326172,86.10281372070312,72.55524444580078,119.52818298339844,43.78353500366211,39.90281677246094,137.943603515625,106.69312286376953,33.696868896484375,34.67704391479492,81.1563720703125,77.66000366210938,517.222412109375,80.9
2024-05-29,42.531436920166016,85.53736114501953,72.03360748291016,117.83645629882812,43.158119201660156,39.582820892333984,136.87034606933594,106.0167236328125,33.262855529785156,34.350162506103516,80.72661590576172,76.56999969482422,513.6004638671875,80.24
2024-05-30,42.653385162353516,86.04381561279297,72.22329711914062,118.64341735839844,43.509307861328125,39.7961540222168,136.9380340576172,103.59748840332031,33.71101379394531,34.845149993896484,80.46289825439453,75.52999877929688,510.1933898925781,78.96
2024-05-31,43.71338653564453,86.52568817138672,73.35193634033203,120.08235168457031,44.033695220947266,40.377960205078125,138.939453125,103.76042175292969,34.30541229248047,35.536258697509766,81.32241821289062,74.81999969482422,514.84033203125,77.97
2024-06-03,42.5689582824707,86.48633575439453,73.32347106933594,118.6142578125,43.77390670776367,40.12584686279297,139.91600036621094,104.02207946777344,33.91387176513672,35.39617919921875,81.64473724365234,71.83000183105469,515.2601318359375,75.26
2024-06-04,42.16090774536133,86.5748519897461,73.95893859863281,118.32257843017578,43.28801345825195,39.94160461425781,140.3220977783203,104.23933410644531,33.89971160888672,35.73238754272461,81.95730590820312,71.08999633789062,515.8360595703125,74.27
2024-06-05,42.156219482421875,87.08131408691406,73.79769897460938,119.5184555053711,43.58628463745117,40.0579719543457,140.96022033691406,106.55488586425781,33.706295013427734,35.685691833496094,82.95355224609375,71.88999938964844,521.9668579101562,75.08
2024-06-06,42.37665939331055,87.71561431884766,74.02532196044922,118.80870056152344,43.63439178466797,40.03857421875,141.42433166503906,106.19940185546875,33.357208251953125,35.74173355102539,83.00240325927734,73.26000213623047,521.9571533203125,76.52
2024-06-07,42.20780563354492,87.35667419433594,73.65544128417969,118.93510437011719,43.19661331176758,40.222816467285156,141.57901000976562,106.44625854492188,32.99396514892578,35.4615478515625,82.4358901977539,73.0199966430664,521.3226318359375,76.53
2024-06-10,42.52674865722656,87.63692474365234,73.59851837158203,119.3045425415039,43.1533088684082,40.06766128540039,142.10110473632812,106.71778869628906,33.41853713989258,35.63899612426758,82.64100646972656,75.45999908447266,522.933349609375,78.75
2024-06-11,42.442317962646484,87.40582275390625,73.56059265136719,118.62397766113281,43.13887405395508,39.611907958984375,141.51133728027344,108.70256042480469,33.21569061279297,35.52692413330078,82.79727172851562,75.51000213623047,524.1928100585938,78.88
2024-06-12,41.987361907958984,88.31549835205078,72.75442504882812,119.75179290771484,43.22065734863281,39.5731315612793,141.2115936279297,111.10698699951172,32.998680114746094,35.77908706665039,82.62146759033203,75.9800033569336,528.4978637695312,79.56
2024-06-13,41.60276794433594,88.38433074951172,72.8492660522461,118.98371887207031,43.20623016357422,39.54403305053711,141.0955810546875,111.9858169555664,33.07415771484375,35.9565315246582,81.90846252441406,75.73999786376953,529.56201171875,79.61
2024-06-14,41.293209075927734,87.68610382080078,72.9820556640625,117.7878646850586,42.80692672729492,39.41797637939453,141.04725646972656,112.40547943115234,32.99396514892578,35.98455047607422,82.17216491699219,76.08000183105469,529.8841552734375,79.41
2024-06-17,41.40108108520508,89.22515106201172,73.67440795898438,119.09065246582031,43.12443923950195,39.767059326171875,140.90219116210938,114.10881805419922,32.63071823120117,35.797767639160156,82.5628662109375,77.79000091552734,534.1015625,81.33
2024-06-18,41.57461929321289,88.92520904541016,73.76925659179688,119.73235321044922,43.07633590698242,40.01918029785156,141.08590698242188,114.25199127197266,32.64487075805664,35.93785095214844,82.07450103759766,78.66999816894531,535.4586181640625,82.67
2024-06-20,42.339134216308594,89.03829956054688,73.60801696777344,119.81013488769531,43.11963653564453,40.232513427734375,141.5500030517578,112.96831512451172,32.927921295166016,35.84446334838867,82.42610931396484,79.41000366210938,534.00390625,83.34
2024-06-21,42.09524154663086,89.79061126708984,73.6649169921875,119.55735778808594,43.12443923950195,40.07736587524414,141.94642639160156,112.77082824707031,32.734500885009766,35.93785095214844,82.96331787109375,78.6500015258789,533.2880859375,81.71
2024-06-24,43.15666580200195,89.4072494506836,74.4504165649414,120.06561279296875,43.40238571166992,40.489166259765625,142.77438354492188,110.00607299804688,33.16487503051758,36.18031311035156,83.24144744873047,79.69999694824219,531.554443359375,82.63
2024-06-25,43.255950927734375,89.04753875732422,73.9726333618164,119.04125213623047,42.85133743286133,40.18737030029297,142.32789611816406,112.02400970458984,32.85101318359375,35.670860290527344,84.17178344726562,78.9000015258789,533.6015014648438,81.97
2024-06-26,42.8304328918457,90.33857727050781,73.81973266601562,118.71930694580078,42.82233428955078,39.93425369262695,141.82315063476562,111.8954086303711,32.71310043334961,35.623695373535156,84.18158721923828,78.75,534.2674560546875,82.19
2024-06-27,42.929725646972656,90.89045715332031,73.50437927246094,118.84614562988281,42.70148849487305,39.88557434082031,141.59019470214844,111.94981384277344,32.770172119140625,35.9444580078125,84.66145324707031,79.91999816894531,535.1096801757812,83.04
2024-06-28,43.09519958496094,89.88028717041016,73.17948150634766,118.8949203491211,42.68698501586914,40.021873474121094,141.4737091064453,111.89045715332031,32.40399169921875,36.236915588378906,83.88780212402344,79.58999633789062,533.0040893554688,82.83
2024-07-01,43.11884307861328,90.18582916259766,72.6634521484375,117.61688995361328,42.02959060668945,40.109493255615234,140.67776489257812,112.7362060546875,32.180477142333984,35.88785171508789,83.53524017333984,81.54000091552734,534.1008911132812,84.7
2024-07-02,43.08574676513672,91.94005584716797,73.169921875,118.26078033447266,42.106937408447266,40.576786041259766,140.16331481933594,113.30004119873047,32.346923828125,36.03879928588867,84.27951049804688,81.11000061035156,537.6953125,84.09
2024-07-03,43.27486038208008,92.52645111083984,73.04569244384766,118.69004821777344,42.42113494873047,40.450225830078125,139.09561157226562,114.82831573486328,32.54190444946289,36.00106430053711,84.30889892578125,81.2699966430664,540.0947875976562,85.19
2024-07-05,42.59877014160156,93.2803726196289,73.94395446777344,118.26078033447266,42.488807678222656,40.440486907958984,140.17303466796875,115.1794662475586,32.59897232055664,36.13314437866211,85.94434356689453,81.30999755859375,543.2092895507812,84.44
2024-07-08,42.33873748779297,93.3247299194336,73.82928466796875,118.40711212158203,42.6144905090332,40.33340072631836,140.01771545410156,115.96586608886719,32.632266998291016,36.218048095703125,85.17070007324219,80.41999816894531,543.8361206054688,83.63
2024-07-09,41.96522521972656,93.63516998291016,73.63815307617188,117.89006042480469,42.179447174072266,40.64493179321289,140.6971893310547,115.87187957763672,32.72737503051758,36.22748947143555,85.43509674072266,79.7699966430664,544.364990234375,82.78
2024-07-10,42.2489013671875,94.33980560302734,73.96306610107422,118.94367980957031,42.7449951171875,40.80069351196289,142.02699279785156,117.55348205566406,33.036468505859375,36.48221206665039,85.9737319946289,80.4800033569336,549.7515258789062,83.39
2024-07-11,42.6885986328125,93.14239501953125,73.6859359741211,120.45585632324219,43.32987594604492,41.12196350097656,143.0267791748047,114.6106948852539,33.64042663574219,37.453941345214844,84.79854583740234,80.94000244140625,545.0112915039062,83.92
2024-07-12,42.79734420776367,94.35953521728516,74.01083374023438,121.14851379394531,43.745582580566406,41.25825119018555,143.91978454589844,115.63447570800781,33.8877067565918,37.72752380371094,84.52434539794922,80.25,548.4490356445312,83.49
2024-07-15,43.445072174072266,94.25113677978516,73.58082580566406,122.01679992675781,43.63440704345703,41.861846923828125,143.4150390625,115.84220886230469,33.06501007080078,37.887908935546875,84.82793426513672,80.12000274658203,549.957275390625,83.22
2024-07-16,43.638919830322266,95.94131469726562,74.2879638671875,125.0606460571289,44.480316162109375,42.33887481689453,145.46315002441406,115.45643615722656,33.321807861328125,38.24641418457031,85.05316925048828,79.05999755859375,553.2185668945312,81.92
2024-07-17,44.07388687133789,94.33980560302734,75.24356079101562,123.46066284179688,44.38848114013672,42.66014099121094,146.12318420410156,110.96558380126953,33.3408317565918,38.58605194091797,83.77027130126953,80.62000274658203,545.4618530273438,84.16
2024-07-18,44.154258728027344,93.3789291381836,74.87088012695312,122.49482727050781,43.9485969543457,42.144168853759766,142.80352783203125,110.97547912597656,33.31229782104492,38.26527786254883,83.7213134765625,79.9000015258789,541.2701416015625,84.17
2024-07-19,43.67201232910156,92.54615020751953,74.62242126464844,121.82167053222656,43.55706787109375,41.7158088684082,143.531494140625,109.2394790649414,33.35033416748047,38.218109130859375,83.34915924072266,78.0,537.6756591796875,81.43
2024-07-22,43.39778518676758,93.5661849975586,74.67020416259766,123.06067657470703,43.70208740234375,41.949462890625,144.35658264160156,111.82616424560547,33.630916595458984,38.595481872558594,83.70172882080078,77.62000274658203,543.2190551757812,81.25
2024-07-23,42.70751190185547,93.14733123779297,74.40264129638672,122.82653045654297,43.87609100341797,42.02734375,144.2692413330078,111.38104248046875,33.42167663574219,38.529441833496094,83.58421325683594,76.62000274658203,542.3670043945312,78.24
2024-07-24,42.71223449707031,89.3382568359375,74.33574676513672,120.18269348144531,43.31538009643555,41.45296096801758,145.47283935546875,106.771484375,33.797359466552734,38.00112533569336,81.40034484863281,76.80999755859375,530.0756225585938,78.78
2024-07-25,43.449798583984375,88.98838806152344,74.24974822998047,121.14851379394531,43.43622589111328,41.608726501464844,144.7448272705078,105.62899780273438,33.51678466796875,37.79357147216797,80.46021270751953,77.45999908447266,527.313720703125,79.43
2024-07-26,43.586910247802734,89.98377227783203,75.00466918945312,123.21676635742188,44.14678192138672,42.260990142822266,145.5601806640625,106.96931457519531,33.84490966796875,38.425662994384766,81.96834564208984,76.11000061035156,533.219482421875,78.58
2024-07-29,43.213401794433594,91.4867172241211,75.0333251953125,123.00214385986328,44.224124908447266,42.20258331298828,145.64756774902344,106.49452209472656,33.9970817565918,38.67095947265625,82.69303131103516,75.19000244140625,533.5328979492188,77.27
2024-07-30,43.884769439697266,90.97915649414062,74.52686309814453,123.36310577392578,44.0791130065918,42.68935012817383,145.7737274169922,103.81880950927734,34.17304611206055,38.9539794921875,83.02599334716797,74.45999908447266,530.8296508789062,76.17
2024-07-31,44.06916046142578,92.38847351074219,74.39308166503906,124.73868560791016,44.538326263427734,42.5822639465332,145.2398681640625,108.2156753540039,34.61530303955078,38.85963439941406,84.01509094238281,77.73999786376953,539.458251953125,79.36
2024-08-01,42.9013557434082,90.12174987792969,75.08111572265625,122.42654418945312,44.359466552734375,41.97866439819336,146.7250213623047,104.17984771728516,35.23827362060547,39.46342849731445,84.35787200927734,76.29000091552734,531.8189697265625,77.74
2024-08-02,41.795021057128906,86.8054428100586,75.740478515625,119.73391723632812,43.52323532104492,40.94672393798828,146.4337921142578,101.25189208984375,35.29534149169922,39.491729736328125,82.98683166503906,73.38999938964844,521.9172973632812,74.99
2024-08-05,40.87307357788086,84.35147857666016,74.24974822998047,117.65592193603516,42.55164337158203,39.75901794433594,142.52203369140625,97.87879943847656,34.36326217651367,38.350189208984375,80.60710144042969,73.22000122070312,506.7171630859375,74.46
2024-08-06,41.123653411865234,85.2828140258789,74.7657699584961,119.07052612304688,42.7691650390625,40.40155029296875,143.18206787109375,99.20924377441406,34.65334701538086,39.19927215576172,81.5570297241211,72.44999694824219,511.3888854980469,74.6
2024-08-07,41.28913116455078,83.79466247558594,74.84220886230469,118.49491882324219,42.189109802246094,40.450225830078125,141.72607421875,97.60184478759766,34.84831619262695,38.91624069213867,81.12613677978516,74.69000244140625,507.9707946777344,76.68
2024-08-08,42.177982330322266,85.62281036376953,75.52069091796875,121.22657012939453,42.841670989990234,41.10249710083008,144.86131286621094,101.2469482421875,34.88637161254883,39.24644088745117,82.74199676513672,75.36000061035156,519.7137451171875,77.64
2024-08-09,42.272544860839844,85.90861511230469,75.6353530883789,121.24608612060547,42.807830810546875,41.27772521972656,145.57960510253906,101.70197296142578,35.005252838134766,39.44456481933594,83.44710540771484,76.22000122070312,522.0054931640625,78.28
2024-08-12,42.480567932128906,85.568603515625,75.25312042236328,120.63145446777344,42.61931610107422,41.06355285644531,145.02633666992188,102.53287506103516,35.067073822021484,39.208709716796875,82.86931610107422,78.62999725341797,522.2797241210938,81.45
2024-08-13,42.069236755371094,87.7121353149414,75.59712982177734,121.89971923828125,43.0446891784668,41.4042854309082,146.7832489013672,105.68340301513672,35.27156066894531,39.48229217529297,83.9465560913086,77.63999938964844,530.868896484375,79.81
2024-08-14,42.31509017944336,87.24401092529297,75.94115447998047,122.39727783203125,43.0446891784668,41.910518646240234,147.30738830566406,106.2620620727539,35.2477912902832,39.62381362915039,83.46669006347656,76.58999633789062,532.5436401367188,78.47
2024-08-15,42.820980072021484,90.02812957763672,76.7247314453125,124.04600524902344,43.72624969482422,42.299930572509766,148.22952270507812,109.31861114501953,35.2430305480957,39.51060485839844,84.22074890136719,77.41000366210938,541.6715698242188,79.66
2024-08-16,42.773704528808594,90.24002838134766,76.93496704101562,123.87041473388672,43.779422760009766,42.61146545410156,148.38482666015625,109.50160217285156,35.399959564208984,39.491729736328125,84.47538757324219,76.31999969482422,542.8860473632812,78.05
2024-08-19,43.062110900878906,91.34874725341797,77.1929702758789,124.62162017822266,43.98727035522461,42.84511184692383,149.28753662109375,111.30685424804688,35.63297653198242,39.72759246826172,85.43509674072266,74.37999725341797,548.0767211914062,75.82
2024-08-20,41.92740249633789,91.26497650146484,77.5752182006836,124.28016662597656,43.8277587890625,42.70881652832031,149.8893280029297,110.91612243652344,35.556888580322266,39.765323638916016,85.37635040283203,73.83000183105469,547.185546875,75.27
2024-08-21,41.99831771850586,92.41803741455078,78.10079193115234,125.0313720703125,44.33047103881836,42.64067077636719,150.14170837402344,111.56898498535156,35.808937072753906,39.89740753173828,85.73869323730469,72.5999984741211,549.0659790039062,72.76
2024-08-22,42.107059478759766,90.82147979736328,77.98611450195312,124.8752670288086,44.238624572753906,42.8840446472168,150.23880004882812,109.0020751953125,35.766136169433594,40.142696380615234,85.09233093261719,73.58000183105469,544.7566528320312,73.72
2024-08-23,42.735877990722656,92.57572937011719,78.20590209960938,126.12401580810547,44.823516845703125,43.253997802734375,150.88914489746094,110.76775360107422,35.866004943847656,40.916297912597656,85.68972778320312,75.55000305175781,550.5448608398438,75.82
2024-08-26,43.11884307861328,91.85628509521484,78.76014709472656,125.98743438720703,45.021705627441406,43.390281677246094,150.81146240234375,109.37796020507812,36.09901809692383,40.887996673583984,85.88558197021484,77.83000183105469,549.2325439453125,78.4
2024-08-27,42.71696472167969,91.61483764648438,78.9512710571289,126.06549072265625,45.02653884887695,43.614200592041016,151.04441833496094,110.04071807861328,35.81368637084961,40.99177551269531,85.68972778320312,76.48999786376953,549.9866333007812,76.5
2024-08-28,42.442745208740234,90.72785949707031,78.61681365966797,126.00695037841797,44.83317947387695,43.721290588378906,151.21913146972656,108.52232360839844,35.81368637084961,40.85026168823242,85.1217269897461,75.4800033569336,546.7938232421875,75.49
2024-08-29,42.99591064453125,90.83625793457031,78.22502136230469,126.89474487304688,45.079708099365234,44.11069869995117,151.53945922851562,107.54302978515625,36.008663177490234,40.689884185791016,84.94544982910156,76.7699966430664,546.8427734375,76.9
2024-08-30,43.15666580200195,92.20614624023438,78.84615325927734,128.2508087158203,45.57275390625,44.529327392578125,152.5877685546875,108.97240447998047,36.279727935791016,41.086116790771484,85.5134506225586,74.33999633789062,552.06298828125,74.52
2024-09-03,42.08342361450195,90.93973541259766,79.40039825439453,125.41184997558594,44.538326263427734,44.19831848144531,152.29656982421875,103.9671859741211,36.2274169921875,41.18046569824219,83.9465560913086,71.08999633789062,540.7021484375,71.28
2024-09-04,41.50188446044922,91.17627716064453,79.77307891845703,125.5386734008789,44.354637145996094,44.24699783325195,152.0345001220703,103.70008850097656,36.53652572631836,41.274803161621094,83.5450439453125,69.61000061035156,539.5952758789062,70.11
2024-09-05,41.18038558959961,92.2110824584961,79.46730041503906,124.07528686523438,44.00660705566406,43.760231018066406,149.9475555419922,103.54183197021484,36.446170806884766,41.16158676147461,83.78985595703125,69.88999938964844,538.2828979492188,70.09
2024-09-06,40.665042877197266,89.88028717041016,79.30484008789062,122.81678009033203,43.45072937011719,43.11770248413086,149.43313598632812,100.85623168945312,36.09901809692383,41.16158676147461,82.0368881225586,68.93000030517578,529.2235107421875,68.58
2024-09-09,40.95817184448242,91.19105529785156,79.91641998291016,124.69966888427734,43.87126159667969,43.760231018066406,150.4814453125,102.50814056396484,36.46519470214844,41.65217971801758,82.38943481445312,69.2699966430664,535.1488647460938,69.65
2024-09-10,40.25370788574219,92.23571014404297,79.89730834960938,124.9142837524414,43.89059829711914,43.31240463256836,151.1706085205078,104.04136657714844,36.636390686035156,42.38804626464844,82.36985778808594,66.95999908447266,537.4797973632812,66.73
2024-09-11,39.88020324707031,93.15719604492188,79.15194702148438,125.13867950439453,43.99694061279297,43.10796356201172,150.72413635253906,107.5925064086914,36.75052261352539,42.27483367919922,82.71261596679688,67.8499984741211,542.9938354492188,68.25
2024-09-12,40.239524841308594,94.20677185058594,79.6393051147461,126.1045150756836,44.40298080444336,43.205318450927734,151.26766967773438,108.48275756835938,36.83136749267578,42.350303649902344,84.25994110107422,69.88999938964844,547.5675659179688,69.89
2024-09-13,40.466461181640625,94.84737396240234,80.20310974121094,127.38253784179688,44.80418395996094,43.331878662109375,151.57827758789062,109.02679443359375,37.3497200012207,42.65220642089844,85.07276153564453,69.83999633789062,550.4273681640625,69.59
2024-09-16,40.9298095703125,94.68475341796875,80.51844787597656,128.0361785888672,45.21988296508789,43.896522521972656,152.62660217285156,108.6113510131836,37.635047912597656,42.79371643066406,85.96392822265625,70.87999725341797,551.240234375,71.1
2024-09-17,41.48297119140625,95.16766357421875,79.75397491455078,128.73861694335938,45.306888580322266,44.13017272949219,151.05410766601562,108.398681640625,37.606510162353516,42.45408248901367,85.96392822265625,71.72000122070312,551.465576171875,72.16
2024-09-18,41.563350677490234,94.98042297363281,79.44817352294922,128.63128662109375,45.11354064941406,43.99388122558594,150.8017578125,107.40950012207031,37.32118225097656,42.33143615722656,85.89537048339844,70.66000366210938,549.8300170898438,71.87
2024-09-19,42.05978012084961,97.14366149902344,78.97994232177734,130.84588623046875,45.795101165771484,44.48064422607422,151.34535217285156,110.5995864868164,37.10243225097656,42.2276611328125,87.06076049804688,72.75,559.2124633789062,72.86
2024-09-20,41.96522521972656,96.92191314697266,79.3621826171875,129.9287872314453,45.47124099731445,44.451438903808594,150.72413635253906,110.06048583984375,38.082061767578125,42.152183532714844,87.06076049804688,72.91999816894531,558.2457885742188,72.72
2024-09-23,42.483394622802734,98.09957885742188,79.82234191894531,130.8009033203125,45.868408203125,44.39769744873047,150.42889404296875,110.04017639160156,38.45981979370117,42.61865997314453,87.25624084472656,72.25,559.6408081054688,71.33
2024-09-24,42.37852096557617,98.95875549316406,79.63020324707031,131.74050903320312,46.494747161865234,44.02641296386719,150.12686157226562,110.79329681396484,38.18691635131836,42.61865997314453,87.66879272460938,73.29000091552734,561.2420654296875,72.34
2024-09-25,41.54906463623047,98.60324096679688,79.42845916748047,131.12388610839844,46.18400573730469,43.762603759765625,148.66543579101562,111.11040496826172,38.387996673583984,42.438148498535156,87.39376068115234,71.4800033569336,560.0043334960938,70.42
2024-09-26,40.733909606933594,99.02294921875,79.61100006103516,131.77964782714844,47.140506744384766,43.987335205078125,149.162353515625,112.58197021484375,38.12467575073242,42.020137786865234,87.88490295410156,69.01000213623047,562.2244873046875,68.28
2024-09-27,41.56337356567383,99.17108154296875,79.75509643554688,131.96560668945312,47.05795669555664,44.11435317993164,149.0843963623047,111.53156280517578,38.502906799316406,42.0771369934082,88.41532897949219,70.2699966430664,561.4090576171875,68.72
2024-09-30,41.85415267944336,98.93900299072266,79.73587036132812,132.56265258789062,46.7957763671875,44.280452728271484,150.0586700439453,111.85856628417969,38.675270080566406,42.438148498535156,88.79842376708984,69.91999816894531,563.6588134765625,68.75
2024-10-01,42.807552337646484,98.5390396118164,79.4668960571289,132.63116455078125,46.67924880981445,44.04595947265625,149.26951599121094,109.13346099853516,38.98646545410156,42.181644439697266,88.8671875,72.11000061035156,558.6093139648438,70.41
2024-10-02,43.246116638183594,97.70454406738281,78.7944107055664,132.386474609375,46.499603271484375,44.094810485839844,148.9674835205078,109.94108581542969,39.005619049072266,42.029640197753906,88.5921401977539,72.76000213623047,558.8451538085938,70.74
2024-10-03,44.00883102416992,96.57379913330078,78.00666809082031,131.7111358642578,45.98493576049805,43.860313415527344,147.62298583984375,110.39693450927734,38.99125289916992,41.621116638183594,88.28763580322266,75.7300033569336,557.8234252929688,74.33
2024-10-04,44.41879653930664,97.8526840209961,78.26605224609375,132.63116455078125,46.208282470703125,44.602882385253906,147.73989868164062,111.62569427490234,38.929012298583984,41.345603942871094,89.26991271972656,76.3499984741211,562.8925170898438,74.93
2024-10-07,44.57610321044922,96.33184051513672,77.4879150390625,132.3081512451172,46.072330474853516,44.05572509765625,147.0871124267578,110.85771942138672,38.03371810913086,41.04159164428711,88.07152557373047,79.19999694824219,557.8037719726562,77.76
2024-10-08,43.41295623779297,97.27003479003906,77.8721694946289,132.601806640625,45.85869598388672,44.30976104736328,147.8860321044922,112.92880249023438,38.052860260009766,41.16510009765625,88.84752655029297,75.79000091552734,563.0791625976562,74.26
2024-10-09,43.67514419555664,97.96626281738281,78.34291076660156,133.78610229492188,46.150020599365234,44.720130920410156,149.3961639404297,114.19225311279297,37.727294921875,41.1840934753418,88.87701416015625,75.25,566.9793701171875,73.85
2024-10-10,43.970699310302734,97.48235321044922,77.99706268310547,133.1009521484375,46.25682830810547,44.58333969116211,148.84080505371094,114.16253662109375,37.612388610839844,40.84208679199219,88.21887969970703,77.7699966430664,565.9871215820312,76.46
2024-10-11,44.24241256713867,97.06757354736328,78.42936706542969,135.47935485839844,46.557861328125,45.443153381347656,149.93202209472656,114.36072540283203,37.942745208740234,41.26010513305664,88.82788848876953,77.48999786376953,569.3764038085938,76.11
2024-10-14,44.22334671020508,97.49224090576172,78.74638366699219,136.2917022705078,46.824913024902344,45.72650146484375,150.7601776123047,115.85211181640625,38.421512603759766,41.54511642456055,89.24044799804688,75.93000030517578,574.0328979492188,
2024-10-15,42.79801559448242,97.70454406738281,79.24593353271484,135.2444305419922,46.7763557434082,45.824214935302734,148.9187774658203,113.30536651611328,38.5938720703125,42.06763458251953,89.43690490722656,72.76000213623047,569.5728149414062,71.22
2024-10-16,43.00299835205078,98.21808624267578,79.18829345703125,136.2917022705078,47.140506744384766,46.390907287597656,149.3376922607422,113.65715789794922,39.35990905761719,42.485652923583984,89.37796020507812,72.4000015258789,572.0485229492188,70.97
2024-10-17,43.207977294921875,98.12920379638672,78.83284759521484,135.9001922607422,47.21333312988281,46.517921447753906,148.47059631347656,114.00398254394531,39.01040267944336,42.210140228271484,88.95558166503906,72.62000274658203,572.0975341796875,71.26
2024-10-18,43.064964294433594,98.51435089111328,79.0057601928711,136.311279296875,47.40269470214844,46.52769470214844,149.1915740966797,114.4102783203125,39.23542785644531,42.50465774536133,89.61371612548828,71.37999725341797,574.2981567382812,69.78
2024-10-21,42.93626022338867,97.7490005493164,78.34291076660156,135.83169555664062,47.03853988647461,46.15641403198242,147.4378662109375,114.94538879394531,39.082218170166016,41.630615234375,89.26009368896484,72.26000213623047,573.3550415039062,71.16
2024-10-22,43.0363655090332,97.35397338867188,78.78482055664062,134.18740844726562,46.60641860961914,46.068477630615234,147.22352600097656,114.82646942138672,38.94337844848633,41.69712448120117,89.3877944946289,73.9800033569336,573.0504760742188,72.84
2024-10-23,42.81231689453125,95.82324981689453,78.63111114501953,133.79588317871094,46.48017883300781,46.02939224243164,146.53176879882812,113.1814956665039,39.31682586669922,42.10563659667969,88.71000671386719,73.55000305175781,567.8143310546875,71.37
2024-10-24,42.807552337646484,98.84519958496094,78.52543640136719,132.8758544921875,45.9120979309082,46.068477630615234,145.5672607421875,113.51346588134766,39.06306838989258,42.20064163208008,89.0145263671875,73.05999755859375,569.0423583984375,70.58
2024-10-25,42.79324722290039,99.15626525878906,77.8721694946289,132.5234832763672,45.62078094482422,45.56040954589844,144.76834106445312,114.10308074951172,38.4837532043457,41.868125915527344,89.24044799804688,74.2300033569336,568.8458251953125,72.02
2024-10-28,42.52153396606445,99.38835144042969,78.01628112792969,132.91500854492188,45.9995002746582,46.12710189819336,144.982666015625,114.06840515136719,38.78538131713867,42.001136779785156,89.81017303466797,70.43000030517578,570.6043701171875,67.65
2024-10-29,41.87321853637695,98.86988067626953,77.24774169921875,132.7388153076172,45.70332336425781,45.843746185302734,144.5832061767578,115.60436248779297,37.95710372924805,41.621116638183594,90.65493774414062,69.66000366210938,571.52783203125,67.48
2024-10-30,41.96856689453125,98.73161315917969,77.12285614013672,132.5137176513672,45.950950622558594,46.0489387512207,144.3104248046875,113.76615905761719,37.86613464355469,41.77312469482422,91.20501708984375,71.36000061035156,569.798828125,68.91
2024-10-31,42.23073959350586,97.22066497802734,76.9691390991211,130.98684692382812,45.34402847290039,45.41384506225586,143.0925750732422,110.114501953125,38.25873565673828,41.04159164428711,90.40937042236328,73.08000183105469,558.6290283203125,69.58
2024-11-01,41.96379470825195,98.80075073242188,76.99796295166016,131.1630096435547,45.21778869628906,45.57017517089844,143.940185546875,110.94195556640625,37.40651321411133,40.60457992553711,90.76299285888672,72.0199966430664,560.9867553710938,69.81
2024-11-04,42.69791030883789,98.46002960205078,77.20932006835938,131.01620483398438,45.41686248779297,45.21843338012695,142.9951629638672,110.85771942138672,36.96125793457031,41.06059265136719,90.4584732055664,74.29000091552734,559.7783813476562,71.83
2024-11-05,42.98392868041992,100.20307922363281,77.69926452636719,133.20863342285156,45.484832763671875,45.6385612487793,144.04736328125,112.41846466064453,37.516632080078125,41.621116638183594,91.46041870117188,74.7300033569336,566.547119140625,72.26
2024-11-06,44.599937438964844,103.4077377319336,76.43115997314453,138.42539978027344,46.11117172241211,48.413421630859375,144.23248291015625,115.6192398071289,37.12883377075195,40.509578704833984,93.7098388671875,74.54000091552734,580.6345825195312,71.98
2024-11-07,44.39495849609375,104.73600769042969,76.70976257324219,137.5934600830078,46.29082107543945,47.63177490234375,145.27493286132812,117.63581085205078,37.19585418701172,41.01309585571289,94.93769836425781,74.66000366210938,585.1241455078125,72.69
2024-11-08,44.690513610839844,106.2222900390625,77.64161682128906,139.0713653564453,45.868408203125,48.06167984008789,146.3174285888672,117.50700378417969,37.90922927856445,41.716121673583984,94.47602081298828,73.12999725341797,587.6588134765625,70.69
2024-11-11,44.94316101074219,108.36529541015625,77.37262725830078,140.14801025390625,45.669334411621094,48.74562454223633,145.4600830078125,116.85791778564453,38.01456069946289,41.3551025390625,95.00646209716797,70.94000244140625,588.2186889648438,
2024-11-12,44.704811096191406,106.91851806640625,77.45907592773438,138.94412231445312,44.89248275756836,48.599063873291016,143.43357849121094,117.00655364990234,37.57887268066406,40.832584381103516,95.43865966796875,70.69000244140625,586.3915405273438,68.43
2024-11-13,45.05280303955078,107.83203125,77.68965911865234,139.2377471923828,44.99930191040039,48.62837600708008,143.05361938476562,116.60027313232422,37.51184844970703,41.15559768676758,95.47795867919922,70.7300033569336,586.6763305664062,68.76
2024-11-14,45.22441482543945,106.3012924194336,77.49751281738281,136.8887481689453,44.63029861450195,48.50136184692383,140.80300903320312,116.20388793945312,37.3825798034668,40.785091400146484,95.3698959350586,71.29000091552734,582.9039306640625,68.99
2024-11-15,45.157676696777344,105.39273834228516,76.81543731689453,136.15467834472656,44.31955337524414,48.72608184814453,138.19192504882812,113.32022857666016,37.942745208740234,40.832584381103516,93.46426391601562,69.75,575.437744140625,67.33
2024-11-18,45.7583122253418,106.36548614501953,77.35340118408203,135.9687042236328,44.664283752441406,48.872642517089844,138.28936767578125,113.68687438964844,38.273094177246094,41.193603515625,94.38760375976562,72.06999969482422,577.7955322265625,69.46
2024-11-19,45.467529296875,106.44448852539062,77.45907592773438,135.8512725830078,44.51862335205078,48.550209045410156,137.578125,114.61837768554688,38.517269134521484,41.36460494995117,95.00646209716797,72.30999755859375,579.9075927734375,69.75
2024-11-20,45.9251594543457,105.97540283203125,77.0652084350586,135.99807739257812,44.882774353027344,48.403656005859375,139.20518493652344,114.519287109375,38.536415100097656,41.29810333251953,95.61547088623047,72.0199966430664,580.1040649414062,69.25
2024-11-21,46.2969856262207,106.16303253173828,77.90099334716797,137.7011260986328,45.431427001953125,49.019203186035156,140.3256072998047,115.68363952636719,39.20670700073242,41.57361602783203,95.3698959350586,73.19999694824219,583.21826171875,70.39
2024-11-22,46.36848831176758,107.69375610351562,78.62150573730469,139.61947631835938,45.68389892578125,49.56636047363281,140.45225524902344,115.74309539794922,38.99604415893555,41.88713073730469,95.16361999511719,74.25,585.0259399414062,71.68
2024-11-25,45.45322799682617,108.79489135742188,79.05379486083984,140.4905548095703,46.154869079589844,49.888790130615234,141.65061950683594,115.73814392089844,39.06785583496094,42.44765090942383,95.6547622680664,72.0999984741211,587.0103149414062,69.41
2024-11-26,45.39126205444336,109.1899185180664,79.38041687011719,140.65696716308594,45.810142517089844,49.98649215698242,142.4105682373047,116.3178482055664,39.69026184082031,42.65666198730469,96.00839233398438,71.61000061035156,590.0753784179688,69.05
2024-11-27,45.34358596801758,108.65169525146484,79.54375457763672,140.13818359375,45.78586959838867,50.08420181274414,143.17050170898438,114.74224853515625,39.69026184082031,42.951175689697266,96.13607788085938,71.72000122070312,588.2874755859375,69.03
2024-11-29,45.53903579711914,109.76763153076172,79.94723510742188,140.9310302734375,46.0189208984375,50.16236114501953,143.6186981201172,115.80751037597656,39.704627990722656,42.75166320800781,96.65668487548828,71.61000061035156,591.9419555664062,68.26
2024-12-02,45.05756759643555,110.72557830810547,79.85116577148438,139.89352416992188,45.98979187011719,49.6640625,143.3653564453125,116.907470703125,38.85240936279297,42.10563659667969,97.45234680175781,71.04000091552734,593.0029907226562,68.35
2024-12-03,45.05280303955078,110.64163208007812,79.4380874633789,139.01263427734375,45.84413528442383,49.292781829833984,143.0438690185547,117.32862854003906,38.517269134521484,41.85862731933594,98.23816680908203,73.04000091552734,593.2780151367188,70.15
2024-12-04,43.9659309387207,111.66868591308594,79.21710205078125,139.61947631835938,45.397438049316406,49.10713195800781,142.96591186523438,119.47403717041016,38.51248550415039,41.744625091552734,98.4640884399414,71.87999725341797,596.9619750976562,68.81
2024-12-05,44.137542724609375,112.58219146728516,79.53414154052734,137.9262237548828,44.800228118896484,49.253700256347656,141.3681182861328,118.86955261230469,38.63217544555664,41.64012145996094,98.23816680908203,71.47000122070312,595.9795532226562,68.58
2024-12-06,43.38912582397461,114.95234680175781,79.14026641845703,137.57386779785156,44.62544250488281,49.24392318725586,140.56918334960938,119.3303451538086,38.153404235839844,41.5831184387207,99.14186096191406,70.23999786376953,597.1094360351562,68.58
2024-12-09,43.31761932373047,114.58695220947266,79.015380859375,136.37979125976562,44.615726470947266,48.56975173950195,140.97837829589844,118.55245208740234,37.67463302612305,41.66862106323242,97.02996063232422,71.16999816894531,594.034423828125,68.65
2024-12-10,43.022064208984375,114.77458953857422,79.39004516601562,136.04701232910156,44.15932846069336,48.55998229980469,140.39382934570312,116.907470703125,37.401729583740234,40.99409484863281,98.5525131225586,71.4000015258789,592.1875610351562,68.85
2024-12-11,43.09357452392578,116.7892074584961,78.78482055664062,135.73382568359375,44.00395965576172,48.65768814086914,138.4842071533203,118.60198974609375,37.1671257019043,40.889591217041016,100.16344451904297,73.33000183105469,596.7655639648438,70.57
2024-12-12,42.745582580566406,115.82139587402344,79.015380859375,134.86270141601562,43.69806671142578,48.4427375793457,137.38327026367188,117.93805694580078,37.147979736328125,40.861087799072266,100.35008239746094,73.20999908447266,593.690673828125,70.25
2024-12-13,42.53107452392578,116.28062438964844,78.81363677978516,134.51036071777344,43.32421112060547,48.403656005859375,137.3638153076172,118.44344329833984,37.17191696166992,40.69008255004883,99.15169525146484,74.20999908447266,593.57275390625,71.54
2024-12-16,41.59674072265625,117.85577392578125,78.40054321289062,134.6278076171875,42.940635681152344,48.31571578979492,135.7270050048828,119.62763214111328,36.87507247924805,40.481075286865234,99.53477478027344,73.69999694824219,596.1072998046875,71.03
2024-12-17,41.28688430786133,118.22611236572266,78.26605224609375,133.3945770263672,42.70272445678711,47.97374725341797,135.62957763671875,118.90424346923828,36.721866607666016,40.300559997558594,98.78826141357422,73.30000305175781,593.6513061523438,70.31
2024-12-18,40.0665397644043,112.8982162475586,77.07482147216797,129.62640380859375,41.488887786865234,46.5374641418457,133.7882080078125,115.06925964355469,35.85529708862305,38.72350311279297,95.9690933227539,72.94000244140625,575.9583740234375,70.8
2024-12-19,39.71854019165039,112.7451400756836,76.52723693847656,129.45999145507812,41.04220199584961,46.70356369018555,132.7749481201172,115.19313049316406,36.0180778503418,38.05848693847656,95.70387268066406,72.61000061035156,575.7815551757812,70.1
2024-12-20,40.10943603515625,113.03153228759766,76.79623413085938,130.97706604003906,41.55200958251953,47.397274017333984,134.45069885253906,116.91243743896484,36.59260559082031,38.752010345458984,96.2244873046875,73.0999984741211,582.6973266601562,69.71
2024-12-23,40.3449821472168,113.3743667602539,76.39160919189453,130.9475555419922,41.519798278808594,47.5110969543457,135.79345703125,118.15115356445312,36.71714782714844,38.92869186401367,96.7503890991211,73.05999755859375,586.1865844726562,69.5
2024-12-24,40.686275482177734,115.99637603759766,76.89495086669922,131.97059631347656,41.74430847167969,48.070404052734375,136.351318359375,119.37203216552734,36.91990661621094,39.18796157836914,97.66629028320312,73.6500015258789,592.7021484375,70.87
2024-12-26,40.652626037597656,115.56597900390625,77.1369400024414,132.06895446777344,41.68085861206055,48.188148498535156,136.62535095214844,119.45142364501953,36.833011627197266,39.24557876586914,97.53826141357422,73.12999725341797,592.7415771484375,70.38
2024-12-27,40.64781951904297,113.65636444091797,76.75943756103516,131.08526611328125,41.45634841918945,47.83490753173828,135.98919677734375,117.8633041381836,36.726810455322266,38.92869186401367,96.67160034179688,73.8499984741211,586.5020751953125,71.28
2024-12-30,40.64301681518555,111.83086395263672,75.8592300415039,129.7671356201172,40.89995193481445,47.37372970581055,134.31565856933594,116.3645248413086,36.572330474853516,38.746246337890625,95.65721893310547,74.81999969482422,579.8091430664062,71.73
2024-12-31,41.17658615112305,110.98983764648438,76.09154510498047,129.60972595214844,41.065895080566406,47.42279815673828,134.63861083984375,115.39675903320312,36.53853988647461,39.053524017333984,95.3420639038086,75.55000305175781,577.6997680664062,72.44
2025-01-02,41.65728759765625,109.5304183959961,75.8592300415039,129.1572723388672,40.61199188232422,47.3050422668457,134.677734375,115.12379455566406,36.81852340698242,38.688629150390625,95.80494689941406,76.93000030517578,576.2803344726562,73.79
2025-01-03,42.04664993286133,111.74674987792969,75.82051849365234,130.55409240722656,40.602230072021484,47.67790603637695,135.99900817871094,116.99977111816406,37.20954513549805,39.216766357421875,96.3958511352539,77.91999816894531,583.4857788085938,74.64
2025-01-06,41.854373931884766,112.18704986572266,75.02678680419922,130.26881408691406,40.87554931640625,47.530723571777344,136.05770874023438,118.48863983154297,36.79438781738281,38.67902755737305,97.43977355957031,77.30000305175781,586.8469848632812,74.31
2025-01-07,42.27257537841797,110.01524353027344,74.76544189453125,130.14093017578125,40.85114288330078,47.42279815673828,136.73301696777344,116.11141967773438,36.702667236328125,38.39094924926758,96.35645294189453,78.16999816894531,580.2132568359375,74.99
2025-01-08,42.31584167480469,110.32691192626953,74.90093994140625,130.6524658203125,41.07566452026367,47.57978439331055,137.4376678466797,116.07172393798828,36.69301223754883,38.55419921875,95.78526306152344,77.30000305175781,581.06103515625,73.99
2025-01-10,42.488887786865234,109.24348449707031,73.8942642211914,129.186767578125,40.65592575073242,46.4317512512207,136.6645050048828,113.5406494140625,36.485435485839844,37.62274169921875,94.35723114013672,80.63999938964844,572.189697265625,77.27
2025-01-13,43.38298797607422,109.86188507080078,74.02010345458984,130.70164489746094,41.56372833251953,46.76536560058594,138.44573974609375,112.73665618896484,36.06062698364258,38.102874755859375,94.3966293334961,82.2300033569336,573.0767822265625,79.57
2025-01-14,43.849266052246094,109.6491470336914,74.03945922851562,132.2460174560547,42.08106994628906,47.34429168701172,137.01683044433594,113.034423828125,36.53370666503906,38.42936325073242,94.08148193359375,81.66999816894531,573.8653564453125,78.2
2025-01-15,44.498207092285156,112.43936157226562,73.78779602050781,133.08213806152344,42.481285095214844,48.551204681396484,137.57469177246094,115.2826156616211,37.069549560546875,38.59260177612305,95.62767028808594,84.33999633789062,584.303955078125,80.73
2025-01-16,44.82027816772461,111.83086395263672,74.33952331542969,134.69537353515625,42.83269500732422,48.87500762939453,138.1227569580078,114.39425659179688,38.006065368652344,39.45683288574219,95.08602142333984,82.94000244140625,583.1802368164062,79.35
2025-01-17,45.166378021240234,113.39911651611328,74.76544189453125,135.50198364257812,43.11089324951172,49.28712844848633,137.1929931640625,116.18585968017578,38.05916213989258,39.447235107421875,95.91327667236328,82.5199966430664,589.0353393554688,78.56
2025-01-21,44.935646057128906,114.230224609375,75.11389923095703,138.2858123779297,43.66240692138672,49.699241638183594,139.46356201171875,117.15361022949219,38.643280029296875,40.16741943359375,96.7799301147461,81.11000061035156,594.4271240234375,76.79
2025-01-22,44.11845397949219,113.7998275756836,74.7460708618164,137.96119689941406,43.310997009277344,49.4637451171875,139.15036010742188,119.79883575439453,37.80813980102539,39.4664306640625,97.74507904052734,80.43000030517578,597.7686767578125,76.12
2025-01-23,44.320350646972656,114.48748016357422,75.0171127319336,139.35801696777344,43.55015182495117,49.7483024597168,141.0098876953125,120.01224517822266,37.98675537109375,39.78331756591797,98.00114440917969,79.20999908447266,601.03125,75.03
2025-01-24,43.89252471923828,113.78993225097656,75.40428924560547,138.767822265625,43.437896728515625,49.89548873901367,141.2349853515625,118.7615966796875,38.37294387817383,39.89855194091797,98.88748931884766,79.5999984741211,599.2767333984375,74.97
2025-01-27,43.43587112426758,114.4380111694336,77.44668579101562,136.9086456298828,43.46229934692383,50.44497299194336,144.40594482421875,112.94014739990234,37.48470687866211,40.29225158691406,99.39959716796875,77.93000030517578,590.7997436523438,73.51
2025-01-28,43.022464752197266,114.57653045654297,76.23673248291016,136.00367736816406,43.320762634277344,50.35666275024414,143.39791870117188,115.95260620117188,36.96817398071289,39.80252456665039,99.88217163085938,78.86000061035156,595.8760375976562,74.15
2025-01-29,43.11861038208008,114.2500228881836,76.420654296875,135.54132080078125,43.24266815185547,50.317413330078125,142.5562286376953,115.0096664428711,37.045406341552734,39.34160232543945,100.32534790039062,77.77999877929688,593.2047729492188,72.94
2025-01-30,43.339725494384766,115.36808013916016,77.17566680908203,137.05621337890625,43.652645111083984,50.7982177734375,144.20042419433594,115.22306060791016,37.81779479980469,39.86013412475586,100.42383575439453,77.75,596.3886108398438,73.1
2025-01-31,42.12836837768555,114.85852813720703,76.44969177246094,136.09222412109375,43.33540344238281,50.503849029541016,143.74044799804688,114.54810333251953,37.595733642578125,39.773712158203125,100.82762145996094,78.0199966430664,593.2147216796875,72.84
2025-02-03,42.39274978637695,113.33973693847656,76.74976348876953,134.74456787109375,43.37932586669922,50.29779052734375,144.29830932617188,113.00465393066406,37.798484802246094,39.70649719238281,101.04428100585938,77.81999969482422,589.22265625,73.52
2025-02-04,43.28204345703125,114.67547607421875,76.10122680664062,134.78390502929688,43.506221771240234,50.18003845214844,143.9068145751953,114.63247680664062,37.465396881103516,39.70649719238281,101.95032501220703,77.51000213623047,593.17529296875,73.04
2025-02-05,43.373374938964844,113.3743667602539,76.57551574707031,134.8822784423828,43.47206115722656,50.70990753173828,145.28677368164062,116.22557067871094,37.8419303894043,40.330665588378906,100.96549987792969,76.08999633789062,595.580322265625,71.39
2025-02-06,42.575416564941406,113.82456970214844,76.92398834228516,135.49217224121094,43.62335968017578,51.131832122802734,143.985107421875,116.5431900024414,37.798484802246094,40.445892333984375,101.3988265991211,75.44999694824219,597.6503295898438,70.97
2025-02-07,42.570613861083984,111.59833526611328,76.80782318115234,135.0888671875,43.091373443603516,50.8472785949707,143.30979919433594,115.545654296875,37.721248626708984,40.30186080932617,101.18215942382812,75.86000061035156,592.1797485351562,71.32
2025-02-10,43.507972717285156,111.9792709350586,77.28213500976562,136.2987823486328,43.310997009277344,50.44497299194336,143.18260192871094,117.23302459716797,38.13157653808594,40.359466552734375,101.63518524169922,77.4000015258789,596.2013549804688,72.73
2025-02-11,43.85887908935547,110.70783996582031,78.02747344970703,136.34796142578125,43.564796447753906,50.572540283203125,142.9183349609375,117.28761291503906,38.324668884277344,40.580326080322266,101.80260467529297,78.2699966430664,596.65478515625,73.67
2025-02-12,42.80134582519531,110.68805694580078,77.96939086914062,135.50198364257812,43.252437591552734,50.39590835571289,142.71282958984375,117.03451538085938,38.25708770751953,40.23463821411133,101.91093444824219,76.31999969482422,594.732666015625,71.72
2025-02-13,43.1234130859375,112.35031127929688,78.8115234375,135.6397247314453,44.004058837890625,50.72953414916992,143.27066040039062,118.69210815429688,38.3439826965332,40.5515251159668,103.08289337158203,76.38999938964844,601.0115356445312,71.66
2025-02-14,43.29646682739258,112.30084228515625,78.02747344970703,135.3052520751953,43.85275650024414,50.827659606933594,141.71456909179688,119.09410858154297,38.1846809387207,40.388282775878906,103.71318054199219,75.81999969482422,600.9819946289062,71.05
2025-02-18,43.88772201538086,111.9891586303711,78.30817413330078,136.36764526367188,44.40914535522461,51.19070816040039,141.44052124023438,120.18096923828125,38.54190444946289,40.532318115234375,103.2306137084961,76.95999908447266,602.7463989257812,72.21
2025-02-19,44.23382568359375,111.92485046386719,78.93736267089844,136.50537109375,43.88691711425781,51.210330963134766,143.2804718017578,120.19090270996094,38.744659423828125,40.60913848876953,103.34880065917969,77.44999694824219,604.1658325195312,72.58
2025-02-20,44.63761520385742,110.96015167236328,78.62760162353516,135.61021423339844,43.784423828125,50.425350189208984,144.08299255371094,119.80876159667969,38.73982620239258,40.887611389160156,102.86622619628906,77.76000213623047,601.65234375,72.88
2025-02-21,43.709861755371094,108.04132080078125,79.54716491699219,132.63946533203125,42.9839973449707,49.79736328125,143.30979919433594,116.56304168701172,38.74948501586914,40.5515251159668,101.4579086303711,75.3499984741211,591.361572265625,70.72
2025-02-24,43.719478607177734,107.63565063476562,79.78915405273438,132.0394287109375,42.93518829345703,50.01323699951172,144.47445678710938,114.89551544189453,38.55638885498047,40.73396682739258,101.6548843383789,75.97000122070312,588.670654296875,71.06
2025-02-25,43.08976364135742,107.07167053222656,80.92167663574219,132.71815490722656,43.26707458496094,50.003421783447266,145.71739196777344,113.40665435791016,38.36328887939453,41.16608428955078,100.14807891845703,74.12999725341797,585.7431030273438,69.15
2025-02-26,42.84461212158203,106.6313705444336,79.37293243408203,132.79689025878906,43.24755096435547,49.89548873901367,144.6702117919922,114.64239501953125,38.52259826660156,40.96443557739258,99.9708023071289,73.8499984741211,586.0386962890625,68.87
2025-02-27,43.075347900390625,105.09280395507812,79.3632583618164,132.33453369140625,42.9547119140625,50.170230865478516,144.08299255371094,110.46862030029297,37.66814422607422,41.146881103515625,99.00566864013672,75.27999877929688,576.6844482421875,70.62
2025-02-28,43.74351119995117,106.83915710449219,80.4183349609375,134.10516357421875,43.320762634277344,51.200523376464844,145.7565460205078,111.9277114868164,38.24260711669922,41.43495559692383,100.453369140625,75.22000122070312,585.6839599609375,69.97
2025-03-03,42.21488952636719,104.87018585205078,80.84423065185547,132.19683837890625,42.45199966430664,50.76878356933594,146.39268493652344,108.5231704711914,38.295711517333984,41.790252685546875,99.44884490966797,73.31999969482422,575.4227294921875,68.63
2025-03-04,41.80630111694336,103.01994323730469,79.4697265625,129.6195831298828,41.87608337402344,48.982940673828125,145.03233337402344,108.43880462646484,37.672977447509766,41.31011962890625,98.66097259521484,73.30999755859375,568.611572265625,68.47
2025-03-05,41.1958122253418,104.58819580078125,79.79883575439453,131.6656494140625,42.96935272216797,49.26750183105469,146.4905548095703,109.9624252319336,37.407466888427734,41.6942253112793,99.93141174316406,71.41999816894531,574.722900390625,66.58
2025-03-06,41.32079315185547,101.93650817871094,79.94403839111328,130.53440856933594,42.744842529296875,48.45308303833008,146.08932495117188,106.91024780273438,36.63025665283203,40.5515251159668,98.1390151977539,71.12999725341797,564.5209350585938,66.62
2025-03-07,42.02742385864258,101.7485122680664,80.20538330078125,132.0591278076172,42.86198043823242,48.19796371459961,146.09909057617188,108.45865631103516,37.310916900634766,40.781982421875,98.7693099975586,72.08999633789062,567.68505859375,67.29
2025-03-10,42.33987808227539,98.11730194091797,80.03114318847656,129.99337768554688,41.96881866455078,47.11860656738281,144.5233917236328,103.84815216064453,37.721248626708984,40.388282775878906,96.30721282958984,70.88999938964844,552.5643920898438,66.31
2025-03-11,42.003387451171875,97.15753936767578,78.85990905761719,127.99650573730469,41.64669418334961,46.71630859375,142.94769287109375,103.42630767822266,37.36885070800781,39.96576690673828,94.88904571533203,71.44999694824219,547.9710083007812,66.52
2025-03-12,42.1956672668457,97.72150421142578,77.14662170410156,127.98667907714844,41.45146560668945,46.78499221801758,141.51881408691406,105.05413055419922,37.252986907958984,39.82173156738281,95.36177062988281,72.80000305175781,550.87890625,67.65
2025-03-13,41.907249450683594,95.28256225585938,76.78848266601562,126.6783676147461,41.422183990478516,46.52987289428711,140.76522827148438,103.0590591430664,37.34471130371094,39.043922424316406,93.40193939208984,71.62000274658203,543.5352783203125,66.82
2025-03-14,43.1474494934082,97.31090545654297,76.96270751953125,128.99005126953125,41.96393585205078,47.60922622680664,141.8417510986328,106.17575073242188,38.073646545410156,39.80252456665039,95.11556243896484,72.27999877929688,554.7625122070312,67.43
2025-03-17,43.834842681884766,97.46426391601562,78.0855484008789,130.7705078125,42.491050720214844,48.16852569580078,143.64259338378906,106.91520690917969,38.23295211791992,40.50351333618164,95.79509735107422,72.70999908447266,559.0404663085938,67.84
2025-03-18,43.906944274902344,95.72779846191406,77.19501495361328,129.727783203125,42.41783905029297,48.10964584350586,143.71107482910156,105.2873764038086,37.96744918823242,40.253841400146484,94.45572662353516,72.20999908447266,552.9981689453125,67.49
2025-03-19,44.623191833496094,97.56320190429688,77.19501495361328,131.44924926757812,42.55937576293945,48.63950729370117,143.7893829345703,106.65715026855469,38.10744094848633,40.30186080932617,95.57843017578125,72.41999816894531,559.020751953125,67.4
2025-03-20,44.786624908447266,97.33069610595703,76.81751251220703,130.79019165039062,42.29093933105469,48.70820236206055,143.87747192382812,105.89781951904297,38.26191711425781,40.253841400146484,95.37162780761719,73.7300033569336,557.4042358398438,68.55
2025-03-21,44.47417449951172,97.68194580078125,76.78848266601562,130.0917510986328,41.87120056152344,48.531578063964844,143.4761962890625,106.18567657470703,38.015716552734375,39.86013412475586,96.1200942993164,73.79000091552734,557.5880737304688,68.52
2025-03-24,44.98090744018555,101.34398651123047,77.26335144042969,132.5042266845703,42.43859100341797,49.387367248535156,144.57164001464844,108.1966781616211,38.00356674194336,40.414852142333984,97.48121643066406,74.87999725341797,567.5736083984375,69.46
2025-03-25,45.16499710083008,102.15259552001953,76.5627212524414,132.70159912109375,42.42877960205078,49.66310501098633,142.724609375,108.55463409423828,37.39585876464844,39.9316520690918,98.71591186523438,74.81999969482422,568.9379272460938,69.48
2025-03-26,45.43144226074219,100.81814575195312,77.74988555908203,131.8234100341797,42.50724792480469,49.515384674072266,142.20388793945312,106.13346099853516,37.643802642822266,40.13459777832031,97.8763198852539,75.41999816894531,562.1458740234375,70.05
2025-03-27,44.990596771240234,100.88262939453125,78.63539123535156,131.1228485107422,42.48762893676758,49.41690444946289,142.42987060546875,105.15406036376953,37.63407897949219,40.037960052490234,97.44170379638672,75.4800033569336,560.6528930664062,70.3
2025-03-28,44.777442932128906,97.7474136352539,78.24616241455078,128.41929626464844,41.70790481567383,48.46165466308594,141.9877471923828,102.6036376953125,37.911197662353516,40.01863098144531,94.56734466552734,74.7699966430664,549.3623046875,69.74
2025-03-31,45.271575927734375,97.95577239990234,79.47225189208984,129.32705688476562,42.16397476196289,49.05253219604492,143.45162963867188,102.65335083007812,38.33415603637695,40.443843841552734,95.2686538696289,77.33000183105469,553.0501098632812,71.87
2025-04-01,45.538021087646484,98.97769165039062,79.58902740478516,130.05722045898438,42.32089614868164,48.993446350097656,140.8284149169922,103.40406799316406,38.431392669677734,40.47283935546875,95.32791900634766,77.08000183105469,554.6121215820312,71.61
2025-04-02,45.60100173950195,100.85783386230469,79.3554916381836,131.2807159423828,42.669071197509766,49.39720916748047,141.7716064453125,104.16969299316406,38.61126708984375,40.66612243652344,95.66375732421875,77.73999786376953,558.1219482421875,72.12
2025-04-03,42.02093505859375,94.76598358154297,79.8128433227539,124.17646789550781,40.7418327331543,46.96477508544922,140.62208557128906,97.06031799316406,38.368186950683594,39.44845199584961,91.39666748046875,72.25,530.6172485351562,67.43
2025-04-04,38.155052185058594,90.67828369140625,76.34864044189453,116.37166595458984,38.19178771972656,43.52784729003906,132.90965270996094,90.6668472290039,36.23392105102539,37.65094757080078,86.1615982055664,67.91999816894531,499.5533752441406,62.42
2025-04-07,37.907981872558594,89.60675811767578,75.463134765625,115.82897186279297,37.578792572021484,43.419517517089844,132.1138458251953,91.2087631225586,35.679691314697266,36.74253463745117,86.28012084960938,65.9800033569336,498.6635437011719,61.05
2025-04-08,37.031131744384766,87.47857666015625,74.29541015625,114.87187194824219,36.42146682739258,43.252098083496094,130.64993286132812,89.35435485839844,35.53384017944336,35.83412170410156,85.0750503540039,63.34000015258789,490.85308837890625,60.04
2025-04-09,39.89905548095703,97.0032958984375,77.17576599121094,125.07437133789062,39.60411834716797,46.51176834106445,136.32867431640625,101.35079956054688,36.93400192260742,37.89254379272461,92.59183502197266,67.58000183105469,542.402099609375,62.63
2025-04-10,37.29273223876953,93.2132568359375,77.21469116210938,121.84784698486328,38.338905334472656,45.21184158325195,132.52647399902344,96.63275909423828,36.656883239746094,37.09043884277344,89.39152526855469,65.31999969482422,518.6346435546875,60.57
2025-04-11,38.21802520751953,94.11611938476562,78.18777465820312,123.99885559082031,39.47661590576172,45.96027755737305,134.47178649902344,98.61145782470703,37.10416030883789,37.6122932434082,90.152099609375,66.45999908447266,527.8885498046875,61.91
2025-04-14,38.353668212890625,94.38896942138672,79.52091217041016,125.29145050048828,39.95229721069336,46.432987213134766,136.11251831054688,99.51130676269531,37.77020263671875,38.443397521972656,90.75463104248047,66.66000366210938,533.009765625,61.99
2025-04-15,38.29553985595703,93.70933532714844,78.84947967529297,124.6698226928711,39.63844680786133,46.55116271972656,135.2774200439453,99.87423706054688,37.765342712402344,38.501380920410156,90.9818115234375,66.4800033569336,531.5169067382812,61.74
2025-04-16,38.61042785644531,91.3976058959961,78.00289154052734,122.96283721923828,39.329498291015625,45.82241439819336,133.9019317626953,96.4040756225586,37.42502975463867,38.4820556640625,88.53218841552734,67.75,519.7023315429688,62.88
2025-04-17,39.4824333190918,91.97305297851562,79.66687774658203,123.6337890625,39.59921646118164,45.940589904785156,133.115966796875,95.8820571899414,37.80909729003906,39.090885162353516,89.1050796508789,69.4800033569336,520.44384765625,65.07
2025-04-21,38.4505615234375,89.51747131347656,78.9078598022461,120.86114501953125,38.996028900146484,44.95579528808594,130.24713134765625,93.40620422363281,36.914554595947266,38.27911376953125,87.09994506835938,68.62000274658203,508.0558776855469,63.48
2025-04-22,39.42914581298828,92.3500747680664,80.02691650390625,122.97270202636719,39.908164978027344,46.442832946777344,132.69349670410156,95.68318939208984,37.92091369628906,39.061893463134766,89.37178039550781,69.37000274658203,521.2743530273438,64.6
2025-04-23,39.356475830078125,94.41377258300781,79.56956481933594,124.51195526123047,39.95720291137695,46.99431610107422,133.35174560546875,98.45732879638672,38.08135223388672,39.1102180480957,90.80402374267578,68.05000305175781,529.3516845703125,62.64
2025-04-24,39.98625946044922,96.29391479492188,78.86894989013672,127.30433654785156,40.820289611816406,47.516258239746094,134.982666015625,102.13133239746094,38.13969039916992,39.2261848449707,92.6214828491211,68.45999908447266,540.4940185546875,63.55
2025-04-25,39.91358947753906,98.02522277832031,78.66459655761719,127.29444122314453,40.51625061035156,47.28975296020508,135.631103515625,103.6427001953125,38.023014068603516,39.16819763183594,93.20425415039062,69.02999877929688,544.3992919921875,63.85
2025-04-28,40.1945686340332,98.05995178222656,78.40185546875,127.71874237060547,40.589805603027344,47.437469482421875,136.17147827148438,103.47366333007812,38.256370544433594,39.409793853759766,93.55984497070312,67.76000213623047,544.6068725585938,63.3
2025-04-29,40.07830810546875,98.75446319580078,79.05381774902344,128.5475616455078,40.92817687988281,47.92987060546875,136.8395538330078,103.95591735839844,38.55293273925781,39.72871017456055,94.24139404296875,65.8499984741211,548.03759765625,61.84
2025-04-30,38.99798583984375,97.85655212402344,79.6279525756836,129.47506713867188,41.13905334472656,48.018497467041016,138.0087127685547,104.38843536376953,38.35846710205078,39.912322998046875,94.27102661132812,63.560001373291016,548.2550659179688,59.55
2025-05-01,39.14332580566406,98.39728546142578,78.93706512451172,130.451904296875,40.957603454589844,48.0086555480957,134.24581909179688,105.91968536376953,38.47028350830078,40.028289794921875,94.7550277709961,64.5199966430664,552.1405029296875,60.59
2025-05-02,39.714969635009766,99.92520904541016,79.3652114868164,132.79037475585938,41.649051666259766,49.0032958984375,136.1027069091797,107.68956756591797,38.771705627441406,40.521156311035156,96.22677612304688,64.01000213623047,560.3365478515625,59.67
2025-05-05,38.99798583984375,98.86358642578125,79.2970962524414,132.85943603515625,41.340110778808594,48.68815994262695,135.7195281982422,107.11784362792969,38.67447280883789,40.47283935546875,96.4539566040039,62.369998931884766,557.1233520507812,58.5
2025-05-06,39.00767135620117,98.00041961669922,79.1608657836914,131.69512939453125,41.04096984863281,48.412418365478516,131.97628784179688,106.2279281616211,39.14604949951172,40.19258117675781,96.43419647216797,64.5999984741211,552.466796875,60.42
2025-05-07,39.02220916748047,98.76437377929688,79.2873764038086,132.36610412597656,40.815391540527344,48.6980094909668,132.98825073242188,107.29183959960938,39.257869720458984,40.16359329223633,96.25640106201172,63.5099983215332,554.7901611328125,59.42
2025-05-08,39.53572082519531,99.93016052246094,79.1900634765625,134.19149780273438,41.35972595214844,49.10177230834961,131.7896270751953,108.31598663330078,38.941864013671875,39.97031021118164,96.48358917236328,65.5999984741211,558.6558227539062,61.25
2025-05-09,39.93296813964844,100.41136932373047,78.73271942138672,134.30003356933594,41.467613220214844,49.10177230834961,130.35519409179688,108.1817626953125,39.009925842285156,40.211910247802734,95.98971557617188,66.61000061035156,557.9439697265625,62.37
2025-05-12,40.97453308105469,105.40192413330078,78.84947967529297,138.434326171875,42.42877960205078,50.096412658691406,133.57774353027344,113.20306396484375,38.77656555175781,40.25056838989258,97.98497009277344,67.5999984741211,576.3825073242188,63.32
2025-05-13,41.5510139465332,106.7958984375,77.788818359375,139.40127563476562,42.21791076660156,50.303226470947266,129.55938720703125,115.64908599853516,38.723087310791016,39.70938491821289,98.94308471679688,69.58999633789062,580.18896484375,65.04
2025-05-14,41.29910659790039,107.20764923095703,77.3703842163086,138.73031616210938,41.830501556396484,50.16535186767578,126.51372528076172,116.39979553222656,38.55293273925781,39.37114334106445,99.45672607421875,68.7300033569336,580.9304809570312,64.48
2025-05-15,41.4735107421875,106.96952819824219,78.9565200805664,140.2695770263672,42.257144927978516,50.500179290771484,128.17410278320312,116.55888366699219,39.374549865722656,40.095943450927734,99.85182189941406,67.58999633789062,583.7680053710938,63.03
2025-05-16,41.4105339050293,107.98152923583984,79.86149597167969,141.86802673339844,42.688690185546875,50.80546569824219,130.7580108642578,116.77764129638672,39.953086853027344,40.59846878051758,100.53337097167969,68.0999984741211,587.465576171875,63.84
2025-05-19,40.872798919677734,107.7285385131836,80.09503173828125,142.35153198242188,42.79656982421875,50.83500671386719,132.0155792236328,116.60860443115234,40.12324523925781,40.68544387817383,100.63214111328125,68.51000213623047,588.108154296875,63.98
2025-05-20,40.49492645263672,107.16796875,80.37723541259766,141.83843994140625,42.723018646240234,50.55926513671875,132.33981323242188,116.17109680175781,40.23992156982422,40.47283935546875,100.38520812988281,68.66000366210938,586.1307983398438,63.97
2025-05-21,39.74888229370117,104.99513244628906,79.44306182861328,139.44076538085938,42.15415954589844,49.52523422241211,129.2744598388672,113.98857879638672,39.50581741333008,39.4001350402832,99.63452911376953,67.58999633789062,576.2540893554688,62.93
2025-05-22,39.59385681152344,105.44656372070312,79.11222076416016,139.4111328125,42.11002731323242,49.466148376464844,128.26254272460938,114.0184097290039,38.941864013671875,39.264835357666016,99.41720581054688,67.13999938964844,576.4815673828125,62.55
2025-05-23,39.719810485839844,104.4990463256836,79.40413665771484,138.957275390625,42.02665710449219,49.288883209228516,128.0561981201172,112.76058197021484,39.40858459472656,39.27450180053711,98.96285247802734,67.98999786376953,572.5465087890625,62.89
2025-05-27,40.06376266479492,107.58466339111328,80.12422943115234,141.40428161621094,42.762245178222656,50.15550231933594,129.8443145751953,115.44027709960938,39.705142974853516,39.921993255615234,100.5728759765625,67.27999877929688,584.4501953125,61.61
2025-05-28,39.55509948730469,106.59747314453125,79.57929229736328,140.7037353515625,42.17868423461914,49.820674896240234,129.1762237548828,114.9630126953125,39.15091323852539,39.921993255615234,100.55313110351562,67.88999938964844,581.0689086914062,62.54
2025-05-29,39.850616455078125,106.6421127319336,79.9004135131836,140.83200073242188,42.335609436035156,50.076717376708984,130.0408172607422,115.15690612792969,39.42316436767578,40.28921890258789,99.74317169189453,67.19000244140625,583.362548828125,61.66
2025-05-30,39.49696731567383,106.06170654296875,80.60104370117188,140.92080688476562,42.34050750732422,50.1850471496582,130.31590270996094,114.79894256591797,39.82668685913086,40.327880859375,100.15803527832031,67.1500015258789,582.7100830078125,61.46
2025-06-02,40.015323638916016,106.30974578857422,80.64969635009766,140.7432098388672,42.59061050415039,50.204742431640625,130.39450073242188,115.81314086914062,39.953086853027344,40.3858642578125,100.65190124511719,69.55000305175781,585.9924926757812,63.27
2025-06-03,40.49008560180664,106.87528228759766,80.57184600830078,141.82858276367188,43.027061462402344,50.303226470947266,130.69908142089844,117.5531997680664,40.0600471496582,40.240901947021484,100.3654556274414,69.88999938964844,589.3341674804688,64.1
2025-06-04,39.70043182373047,106.59249877929688,80.00746154785156,141.90750122070312,43.18888854980469,50.01763153076172,130.95449829101562,117.72721862792969,39.35996627807617,40.36653137207031,101.00749206542969,69.33999633789062,589.1759643554688,63.57
2025-06-05,39.661678314208984,103.90376281738281,79.23871612548828,141.808837890625,42.93388748168945,49.879756927490234,130.7776641845703,117.39411926269531,39.29676818847656,40.356868743896484,101.14578247070312,69.93000030517578,586.3285522460938,64.06
2025-06-06,40.40773010253906,105.25308990478516,79.4917221069336,143.00274658203125,43.04667663574219,50.500179290771484,132.02542114257812,118.50277709960938,39.47178649902344,40.47283935546875,102.43972778320312,71.37999725341797,592.349609375,65.3
2025-06-09,40.48523712158203,106.09642791748047,79.38468170166016,142.87449645996094,43.33600997924805,50.22443771362305,131.79945373535156,119.0844497680664,39.21897888183594,40.45351028442383,102.14340209960938,72.05000305175781,592.8834228515625,65.99
2025-06-10,41.20706558227539,107.36638641357422,79.5598373413086,142.25286865234375,43.6057243347168,50.28352737426758,133.3026123046875,119.75064086914062,39.31135177612305,40.81108093261719,103.43736267089844,71.5999984741211,596.244873046875,65.66
2025-06-11,41.80293655395508,106.51810455322266,79.2873764038086,142.32192993164062,43.17417907714844,50.22443771362305,133.3714141845703,119.48714447021484,39.33565902709961,40.58880615234375,103.20030212402344,74.81999969482422,594.5443725585938,68.91
2025-06-12,41.948265075683594,106.01705932617188,79.75444793701172,141.94699096679688,43.35562515258789,50.22443771362305,134.41282653808594,120.59581756591797,39.812103271484375,40.81108093261719,102.3607177734375,75.05000305175781,596.9072875976562,68.73
2025-06-13,42.67978286743164,105.03977966308594,78.78136444091797,140.75306701660156,42.85051345825195,49.200252532958984,133.74476623535156,118.90547180175781,39.58360290527344,40.48250198364258,101.32357788085938,80.22000122070312,590.2338256835938,73.84
2025-06-16,42.5538215637207,106.17083740234375,79.03437042236328,141.7200469970703,43.213409423828125,49.76158142089844,133.3321075439453,120.8294677734375,39.38913345336914,40.521156311035156,103.06201171875,78.58999633789062,595.8494873046875,72.53
2025-06-17,42.95107650756836,104.3403091430664,78.36293029785156,140.65438842773438,42.79167175292969,49.47599792480469,131.13136291503906,119.97437286376953,39.06340408325195,40.356868743896484,102.15328216552734,82.30000305175781,590.7577514648438,75.62
2025-06-18,42.67009353637695,104.3899154663086,78.265625,140.3189239501953,42.669071197509766,49.456302642822266,130.9053955078125,120.11853790283203,39.16550064086914,40.434181213378906,102.20266723632812,82.2699966430664,590.6688232421875,75.89
2025-06-20,43.10609817504883,104.51393127441406,78.83975219726562,140.47677612304688,42.37974166870117,49.594173431396484,130.276611328125,119.58657836914062,39.272457122802734,40.42451477050781,101.58039093017578,83.12000274658203,589.2816162109375,75.72
2025-06-23,42.016014099121094,106.58548736572266,79.75289154052734,142.37901306152344,42.851932525634766,50.21868896484375,130.4641571044922,120.95006561279297,39.77031707763672,41.01448059082031,102.86659240722656,76.41000366210938,595.1021728515625,69.36
2025-06-24,41.46902084350586,107.17707824707031,79.68431091308594,143.566650390625,43.20681381225586,50.96969985961914,132.06338500976562,123.12126159667969,39.94165802001953,41.20950698852539,104.19339752197266,73.0,601.676513671875,65.45
2025-06-25,41.2883186340332,105.91436767578125,78.6163558959961,142.29981994628906,42.792781829833984,50.80170822143555,132.1818389892578,124.17201232910156,39.40806198120117,40.205108642578125,104.17359161376953,73.30999755859375,602.0135498046875,65.98
2025-06-26,41.87926483154297,106.88874053955078,78.54777526855469,143.84376525878906,43.26595687866211,51.177215576171875,132.49774169921875,125.0285415649414,39.736053466796875,39.95157241821289,105.3815689086914,73.58999633789062,606.7236328125,66.44
2025-06-27,41.65949249267578,108.6684799194336,78.92008972167969,145.2788543701172,43.32017517089844,51.325435638427734,132.21145629882812,124.879150390625,39.81438064575195,40.09784698486328,106.61925506591797,73.27999877929688,609.7380981445312,66.66
2025-06-30,41.4201774597168,108.0420913696289,79.33158874511719,146.00132751464844,43.28074645996094,51.75035095214844,133.0604248046875,126.10418701171875,39.975929260253906,40.390380859375,107.46088409423828,73.11000061035156,612.6533203125,66.3
2025-07-01,41.737632751464844,108.50443267822266,80.32115173339844,146.4862823486328,44.39961242675781,52.03691864013672,134.95579528808594,124.9787368774414,40.112998962402344,40.663429260253906,106.69847869873047,73.93000030517578,612.455078125,66.64
2025-07-02,42.45556640625,109.3744125366211,80.5562973022461,146.63473510742188,45.06501007080078,51.99739456176758,133.6231231689453,126.29839324951172,39.76542663574219,40.74143600463867,106.39151763916016,75.58999633789062,615.2315063476562,68.66
2025-07-03,42.50440216064453,109.9709701538086,80.51710510253906,147.8817596435547,45.035438537597656,52.560646057128906,133.7613067626953,127.96166229248047,40.06403732299805,40.76093673706055,106.97571563720703,75.19000244140625,620.0803833007812,68.13
2025-07-07,42.094154357910156,108.57402801513672,80.44851684570312,147.3671112060547,44.60169219970703,52.05668258666992,132.6359405517578,126.94577026367188,40.14726638793945,40.448890686035156,105.94596099853516,76.4800033569336,615.4595336914062,69.16
2025-07-08,43.22721862792969,108.20614624023438,79.70389556884766,147.32754516601562,44.966434478759766,51.59224319458008,133.2381134033203,127.62801361083984,39.72136306762695,40.390380859375,105.7281265258789,76.95999908447266,615.1224365234375,69.55
2025-07-09,43.00743865966797,108.84744262695312,79.18462371826172,148.3568115234375,45.237525939941406,51.779998779296875,133.75144958496094,128.3948974609375,40.09341812133789,40.37088394165039,106.00537109375,76.93000030517578,618.8110961914062,69.61
2025-07-10,43.33466339111328,110.0505142211914,79.46875762939453,149.1881866455078,45.47903823852539,52.08633041381836,134.57078552246094,127.97162628173828,40.42140579223633,40.57566452026367,105.64891815185547,75.38999938964844,620.5563354492188,67.78
2025-07-11,43.53001403808594,110.0803451538086,79.17481994628906,148.6537322998047,45.109371185302734,51.54283905029297,133.45529174804688,127.40890502929688,40.36266326904297,40.536659240722656,104.96571350097656,77.29000091552734,618.3748168945312,69.63
2025-07-14,43.051395416259766,110.48798370361328,79.24340057373047,149.4553985595703,44.85799789428711,51.928218841552734,133.29734802246094,127.30432891845703,40.52421188354492,40.809696197509766,105.99546813964844,75.62000274658203,619.5548095703125,68.19
2025-07-15,42.43114471435547,108.90711212158203,78.44979858398438,148.3370361328125,43.9362907409668,51.038875579833984,130.89852905273438,128.43475341796875,40.137474060058594,40.28312301635742,104.94590759277344,75.26000213623047,616.9072875976562,67.76
2025-07-16,42.064849853515625,109.10595703125,78.72412872314453,148.861572265625,44.05458450317383,51.39461135864258,132.52735900878906,128.8331298828125,40.15705490112305,40.7219352722168,105.26274871826172,75.19000244140625,618.9697265625,67.13
2025-07-17,42.323699951171875,109.47881317138672,79.46875762939453,150.23727416992188,44.365108489990234,51.888694763183594,131.01698303222656,130.0033721923828,40.32350158691406,40.68292999267578,105.62911224365234,76.16000366210938,622.7576293945312,68.76
2025-07-18,41.98183059692383,110.44822692871094,79.25321197509766,149.90077209472656,44.46861267089844,51.91834259033203,130.1482696533203,129.9187469482422,40.99906921386719,40.79994583129883,105.1439437866211,75.93000030517578,622.301513671875,68.53
2025-07-21,41.54716110229492,110.97020721435547,79.24340057373047,149.10899353027344,44.695343017578125,51.770118713378906,129.40789794921875,130.08804321289062,41.13124084472656,40.955970764160156,106.5499496459961,75.58999633789062,623.4815063476562,68.39
2025-07-22,41.74251937866211,112.09373474121094,79.96843719482422,149.46530151367188,45.311458587646484,52.05668258666992,131.81658935546875,128.8829345703125,41.63547134399414,41.667823791503906,106.79749298095703,75.3499984741211,623.5706787109375,67.56
2025-07-23,42.39695739746094,112.62567138671875,79.99783325195312,152.1473846435547,45.46424865722656,52.47171401977539,134.5214385986328,129.6199493408203,41.32217025756836,41.78483963012695,107.38167572021484,75.27999877929688,628.8757934570312,66.05
2025-07-24,42.69976043701172,110.76141357421875,79.71369171142578,151.8900604248047,44.996002197265625,52.44207000732422,134.01797485351562,130.16773986816406,41.268314361572266,41.7263298034668,107.55989837646484,76.08999633789062,629.083984375,67.16
2025-07-25,42.53858947753906,111.79047393798828,79.85086059570312,153.39442443847656,45.52832794189453,52.80768966674805,134.72872924804688,130.46649169921875,41.37601089477539,41.7263298034668,106.55985260009766,74.8499984741211,631.741455078125,66.38
2025-07-28,43.0220947265625,112.44172668457031,79.02786254882812,152.91937255859375,44.86785125732422,52.44207000732422,133.5540008544922,131.50729370117188,40.935428619384766,41.00472640991211,105.98556518554688,77.16999816894531,631.582763671875,67.81
2025-07-29,43.442108154296875,111.66619873046875,79.5471420288086,151.177490234375,44.695343017578125,52.175262451171875,132.7050323486328,131.51226806640625,41.40538787841797,41.68732833862305,105.07463073730469,79.80000305175781,629.9169311523438,70.27
2025-07-30,42.82185363769531,110.96027374267578,78.84171295166016,150.43519592285156,43.79335021972656,52.076446533203125,132.46812438964844,131.80609130859375,41.71379852294922,41.10224151611328,105.40137481689453,81.04000091552734,629.1236572265625,71.09
2025-07-31,42.59231185913086,110.0803451538086,78.1656723022461,150.44509887695312,43.24131774902344,51.75035095214844,128.75636291503906,130.83999633789062,41.938987731933594,40.380638122558594,106.35192108154297,79.58999633789062,626.763671875,70.36
2025-08-01,41.801124572753906,107.42564392089844,78.53797912597656,148.198486328125,42.74349594116211,50.791831970214844,129.4473876953125,128.0164337158203,42.00262451171875,40.26361846923828,105.07463073730469,77.45999908447266,616.4907836914062,68.39
2025-08-04,41.70833206176758,108.68836975097656,78.92008972167969,149.5642547607422,43.31032180786133,51.29579544067383,131.30325317382812,130.61590576171875,42.746726989746094,40.604915618896484,107.09453582763672,76.11000061035156,625.8612670898438,67.33
2025-08-05,41.762054443359375,108.82757568359375,78.84171295166016,149.25746154785156,43.615909576416016,51.088279724121094,130.7998046875,129.5352783203125,42.29145431518555,40.74143600463867,106.26280212402344,75.0199966430664,622.6881713867188,66.2
2025-08-06,41.376224517822266,111.08953094482422,79.96843719482422,149.376220703125,43.14273452758789,51.335323333740234,128.83534240722656,130.99436950683594,41.91450881958008,40.40013885498047,106.66876983642578,73.79000091552734,627.4578247070312,65.38
2025-08-07,41.21506118774414,111.05472564697266,80.57588958740234,149.1584930419922,43.33003616333008,50.76218032836914,127.35457611083984,131.11390686035156,42.36978530883789,40.5561637878418,106.21329498291016,73.41999816894531,626.9322509765625,64.9
2025-08-08,41.47878646850586,111.24860382080078,80.81103515625,149.27725219726562,43.546905517578125,51.23650360107422,128.4898223876953,132.42359924316406,42.18865203857422,40.224613189697266,106.56975555419922,73.30000305175781,631.82080078125,64.94
2025-08-11,41.14668655395508,111.53694152832031,80.7424545288086,148.79229736328125,43.44832992553711,51.216739654541016,128.6181640625,131.5272216796875,42.056480407714844,39.99057388305664,107.11434173583984,73.80000305175781,630.5712890625,65.03
2025-08-12,41.346923828125,112.72012329101562,80.95799255371094,150.3362274169922,44.01515579223633,51.83928680419922,129.50662231445312,133.56398010253906,42.237606048583984,40.058841705322266,109.16394805908203,72.94999694824219,637.284423828125,64.22
2025-08-13,41.82554244995117,114.2662124633789,80.95799255371094,150.91026306152344,44.84320831298828,52.135738372802734,131.57965087890625,133.61376953125,42.33061981201172,40.32212448120117,110.01547241210938,72.45999908447266,639.4659423828125,63.68
2025-08-14,41.78647232055664,114.13695526123047,80.23296356201172,149.5741729736328,44.374961853027344,52.38277816772461,132.24105834960938,133.32493591308594,42.03689956665039,40.03934097290039,110.10458374023438,73.73999786376953,639.5254516601562,64.99
2025-08-15,41.78647232055664,113.86353302001953,80.36034393310547,148.89126586914062,44.374961853027344,51.83928680419922,134.46221923828125,132.3140411376953,41.91450881958008,40.3026237487793,110.38182830810547,72.80000305175781,638.0281372070312,63.78
2025-08-18,41.53739547729492,114.3208999633789,80.25257873535156,149.47518920898438,44.1186637878418,51.878814697265625,134.1463165283203,132.59788513183594,41.73337936401367,39.92231750488281,109.70852661132812,73.16999816894531,637.8892822265625,64.51
2025-08-19,41.55204772949219,114.2662124633789,81.0755615234375,149.80178833007812,44.384822845458984,51.977630615234375,135.00514221191406,130.28225708007812,42.13969802856445,40.63417053222656,109.09463500976562,72.30000305175781,634.4286499023438,63.38
2025-08-20,41.898799896240234,113.1377182006836,81.53605651855469,149.66323852539062,44.41932678222656,52.24443435668945,135.7356414794922,129.40081787109375,42.183753967285156,40.79019546508789,108.76788330078125,73.5199966430664,632.7429809570312,64.19
2025-08-21,42.186946868896484,112.4665756225586,80.80123138427734,149.12879943847656,44.55240249633789,52.076446533203125,135.2815399169922,128.9327392578125,41.894927978515625,40.643924713134766,108.64906311035156,74.12999725341797,630.2044677734375,64.56
2025-08-22,43.046512603759766,115.88189697265625,80.80123138427734,151.56346130371094,45.43467712402344,52.936153411865234,136.3970489501953,130.68064880371094,42.1201171875,41.28751754760742,110.2135009765625,74.63999938964844,639.88232421875,64.08
2025-08-25,43.158843994140625,115.64824676513672,79.41976165771484,150.04922485351562,45.18330383300781,52.629817962646484,134.4523162841797,130.38682556152344,41.645259857177734,41.08273696899414,110.39173126220703,75.75,637.0662231445312,65.18
2025-08-26,43.09046936035156,116.18017578125,78.9004898071289,151.59317016601562,45.306522369384766,53.034969329833984,135.29141235351562,130.9844207763672,41.73827362060547,40.96571731567383,109.90656280517578,74.05000305175781,639.733642578125,63.6
2025-08-27,43.573970794677734,116.20502471923828,79.13562774658203,151.5733642578125,45.41989517211914,53.1436653137207,135.2124481201172,131.69154357910156,41.74806594848633,41.14124298095703,110.09469604492188,74.68000030517578,641.1912841796875,64.49
2025-08-28,43.90607833862305,116.40388488769531,78.6359634399414,151.84059143066406,45.41989517211914,53.21284103393555,134.6793670654297,132.7323455810547,41.42985916137695,41.03398513793945,110.51054382324219,75.23999786376953,643.4620361328125,64.96
2025-08-29,44.145389556884766,115.2057876586914,79.14542388916016,150.44509887695312,45.48396682739258,53.3511848449707,135.66653442382812,130.69558715820312,41.27810287475586,41.258262634277344,110.29270935058594,74.83999633789062,639.6245727539062,64.36
2025-09-02,44.20887756347656,114.34574890136719,79.01806640625,149.01002502441406,45.14387130737305,52.95591735839844,135.7948760986328,129.37591552734375,41.14103317260742,40.5561637878418,110.10458374023438,76.76000213623047,634.884765625,65.95
2025-09-03,43.21744918823242,114.80809020996094,78.95927429199219,148.2578582763672,44.838279724121094,52.866981506347656,135.15322875976562,130.14779663085938,41.038230895996094,40.448890686035156,111.94625854492188,74.83000183105469,638.3255615234375,64.36
2025-09-04,43.50559997558594,116.90599060058594,79.00826263427734,149.93045043945312,45.01079177856445,53.42036056518555,135.66653442382812,130.7902069091797,40.98927688598633,40.7219352722168,112.95621490478516,74.18000030517578,643.6603393554688,63.81
2025-09-05,42.66557312011719,116.8811264038086,79.23361206054688,149.376220703125,45.32624053955078,52.44207000732422,136.13050842285156,130.89974975585938,40.861995697021484,41.131500244140625,113.5602035522461,72.62999725341797,641.7960815429688,62.22
2025-09-08,42.56789779663086,117.33352661132812,78.93968200683594,149.71273803710938,45.36567306518555,52.481597900390625,136.08116149902344,131.88076782226562,40.44588851928711,40.858455657958984,113.68892669677734,73.04000091552734,643.372802734375,62.6
2025-09-09,42.77301788330078,117.16947174072266,79.09645080566406,148.70321655273438,44.62633514404297,52.70887756347656,136.81166076660156,132.13475036621094,40.72492599487305,40.83895492553711,114.33251953125,73.38999938964844,644.8601684570312,62.97
2025-09-10,43.52024841308594,115.76754760742188,78.32244110107422,149.80178833007812,44.71013259887695,52.531002044677734,135.5678253173828,134.53004455566406,41.42496871948242,40.81945037841797,113.49089813232422,74.70999908447266,646.724365234375,64.01
2025-09-11,43.53001403808594,118.01956176757812,78.95927429199219,151.2269744873047,45.64662170410156,53.390708923339844,137.9271697998047,134.98321533203125,41.645259857177734,41.4825439453125,115.23355102539062,73.0,652.0987548828125,62.71
2025-09-12,43.27117156982422,118.63104248046875,78.69474029541016,150.01953125,45.188232421875,53.163429260253906,136.3378143310547,134.89358520507812,41.85576248168945,41.29726791381836,116.1939926147461,73.30999755859375,651.8805541992188,63.02
2025-09-15,43.124656677246094,119.66010284423828,77.79336547851562,150.7123260498047,44.82349395751953,53.04485321044922,135.17294311523438,136.10865783691406,41.95366668701172,41.24850845336914,117.82775115966797,74.2300033569336,655.3511352539062,63.66
2025-09-16,43.847469329833984,120.3958740234375,78.14607238769531,150.26695251464844,44.685482025146484,52.926273345947266,135.17294311523438,135.6355743408203,41.18998718261719,41.00472640991211,117.35247802734375,75.66999816894531,654.4488525390625,64.89
2025-09-17,43.95003128051758,120.09262084960938,78.6163558959961,149.5840606689453,44.78899383544922,53.44012451171875,135.4394989013672,135.16746520996094,41.292789459228516,40.98522186279297,117.659423828125,74.97000122070312,653.6357421875,64.41
2025-09-18,43.81328201293945,119.55074310302734,77.93052673339844,151.177490234375,44.78899383544922,53.48952865600586,135.70602416992188,137.5030059814453,41.32217025756836,41.01448059082031,117.74853515625,74.69000244140625,656.6898193359375,63.91
2025-09-19,43.23210144042969,120.00313568115234,77.77375793457031,151.54367065429688,44.76927947998047,53.60810852050781,135.52833557128906,138.89736938476562,41.58651351928711,40.809696197509766,118.23371124267578,73.5199966430664,659.9423217773438,63.02
2025-09-22,43.182350158691406,119.61219787597656,76.9066390991211,152.05052185058594,44.75392532348633,53.53672409057617,135.49363708496094,140.9407196044922,41.989654541015625,40.94430923461914,117.82137298583984,73.44999694824219,663.0645751953125,62.99
2025-09-23,43.926109313964844,118.4866943359375,77.29136657714844,152.09027099609375,44.61030960083008,53.29878234863281,135.80105590820312,139.72409057617188,42.206504821777344,41.2685661315918,117.65245819091797,75.05000305175781,659.4551391601562,63.76
2025-09-24,44.497474670410156,119.32335662841797,77.45906829833984,151.30516052246094,44.065555572509766,53.15007400512695,135.25563049316406,138.8614501953125,42.50713348388672,40.84605407714844,116.67872619628906,76.38999938964844,657.3569946289062,65.4
2025-09-25,44.896446228027344,117.64007568359375,76.71920013427734,150.2815704345703,43.4910888671875,53.01127624511719,133.01443481445312,138.6171417236328,42.098079681396484,40.747798919677734,116.28128051757812,76.98999786376953,654.3242797851562,65.51
2025-09-26,45.3101921081543,119.37814331054688,76.9066390991211,151.6331329345703,43.99622344970703,53.397926330566406,134.37303161621094,139.03598022460938,42.783119201660156,41.150657653808594,117.41398620605469,77.0199966430664,658.072998046875,66.5
2025-09-29,44.47777557373047,119.90103912353516,77.05461120605469,152.10020446777344,44.16460418701172,53.665611267089844,134.7696990966797,139.77891540527344,42.90633010864258,41.2292594909668,117.79155731201172,74.58999633789062,659.9224243164062,64.27
2025-09-30,44.00491714477539,119.34327697753906,77.31109619140625,153.2728729248047,44.382503509521484,53.407840728759766,138.01251220703125,140.54180908203125,42.98025894165039,41.39630126953125,117.61270904541016,73.75,662.4082641601562,63.17
2025-10-01,44.00491714477539,120.09028625488281,77.1927261352539,152.84556579589844,43.91698455810547,52.93195724487305,142.27674865722656,141.9180145263672,43.39424133300781,41.39630126953125,115.96332550048828,73.13999938964844,664.6654052734375,62.59
2025-10-02,43.561622619628906,119.22374725341797,76.88690948486328,153.24305725097656,44.42707443237305,52.892303466796875,141.9990692138672,142.68589782714844,43.31538391113281,41.18013381958008,115.70499420166016,71.54000091552734,665.4309692382812,61.28
2025-10-03,43.79312515258789,118.4568099975586,76.97569274902344,153.45176696777344,44.50135803222656,53.259132385253906,143.6155242919922,141.96788024902344,43.81808090209961,41.34717559814453,115.64537811279297,71.70999908447266,665.421142578125,61.65
2025-10-06,44.00984573364258,119.4727554321289,76.41339111328125,154.16729736328125,44.46173858642578,53.23929977416992,142.9213409423828,143.40391540527344,44.241912841796875,40.934486389160156,115.76461791992188,72.87000274658203,667.8074951171875,62.49
2025-10-07,44.078800201416016,117.381103515625,77.12366485595703,153.29275512695312,44.28345489501953,53.30870056152344,143.03041076660156,142.44656372070312,44.4439811706543,40.8067512512207,115.3174819946289,73.19999694824219,665.3316040039062,62.52
2025-10-08,43.82267761230469,117.72972106933594,76.73892974853516,154.6244354248047,44.52116775512695,53.050926208496094,143.30809020996094,144.9446563720703,44.749542236328125,40.600406646728516,114.84056091308594,73.52999877929688,669.2990112304688,63.37
2025-10-09,43.226680755615234,117.1420669555664,76.98555755615234,152.33871459960938,43.91203308105469,52.8625602722168,142.99075317382812,144.70033264160156,44.63618850708008,40.41371536254883,114.18478393554688,72.51000213623047,667.3600463867188,62.36
2025-10-10,41.975589752197266,113.91993713378906,77.04474639892578,148.96974182128906,43.01071548461914,51.7125129699707,140.9280548095703,138.8115997314453,44.453834533691406,39.971553802490234,112.0783462524414,69.38999938964844,649.32275390625,59.75
2025-10-13,42.54695129394531,116.46477508544922,76.78825378417969,150.52008056640625,43.69413375854492,52.208221435546875,140.76937866210938,142.19227600097656,44.79389572143555,40.197547912597656,113.11168670654297,70.27999877929688,659.2860107421875,
2025-10-14,42.542030334472656,116.70879364013672,78.0213623046875,152.28903198242188,44.12993621826172,52.78324890136719,141.1561279296875,140.3673095703125,45.19308853149414,40.580753326416016,113.85688781738281,69.0,658.4805908203125,59.52
2025-10-15,42.51740264892578,116.87812042236328,78.15947723388672,151.6529998779297,43.93184280395508,52.78324890136719,141.3743133544922,141.75845336914062,45.78449630737305,41.17030715942383,114.66171264648438,68.98999786376953,661.4039306640625,59.08
2025-10-16,42.00514221191406,115.74762725830078,77.61691284179688,150.65921020507812,43.6049919128418,51.315940856933594,141.13632202148438,141.86317443847656,45.28672790527344,41.04256820678711,113.4395751953125,67.80999755859375,656.8995971679688,58.29
2025-10-17,42.349937438964844,116.74365234375,78.65272521972656,150.78839111328125,43.52080154418945,51.732337951660156,142.0784149169922,142.11248779296875,45.129024505615234,41.30786895751953,114.20465850830078,67.9800033569336,660.62841796875,58.3
2025-10-20,42.798160552978516,117.66995239257812,78.58367156982422,152.56729125976562,44.040794372558594,52.33710479736328,143.58575439453125,143.69810485839844,45.11423873901367,41.740203857421875,115.49633026123047,67.83000183105469,667.499267578125,58.34
2025-10-21,42.699649810791016,119.10920715332031,78.21867370605469,153.91885375976562,43.872413635253906,52.27762222290039,143.92294311523438,143.7729034423828,44.65590286254883,41.61246871948242,115.90371704101562,68.2699966430664,667.4893188476562,58.66
2025-10-22,43.24638366699219,118.17793273925781,78.66258239746094,151.92132568359375,43.738704681396484,51.980194091796875,144.7460479736328,142.35182189941406,44.55240249633789,41.79916000366211,114.9001693725586,70.62999725341797,664.0191040039062,59.3
2025-10-23,43.82267761230469,118.7107925415039,78.2778549194336,153.8194580078125,44.26364517211914,52.08925247192383,144.8253631591797,144.1468505859375,44.51791000366211,41.75986099243164,114.5126724243164,73.29000091552734,667.9566650390625,62.44
2025-10-24,43.37937545776367,118.35720825195312,78.0213623046875,153.94866943359375,44.080413818359375,52.654361724853516,144.81544494628906,146.38568115234375,45.04030990600586,41.907249450683594,114.81075286865234,73.18000030517578,673.4155883789062,62.27
2025-10-27,43.482810974121094,120.06040954589844,78.14962005615234,154.8231964111328,44.060604095458984,52.872474670410156,145.15261840820312,149.08822631835938,45.16352081298828,41.99568176269531,116.41046142578125,73.12000274658203,681.3603515625,62.13
2025-10-28,43.0296630859375,120.09028625488281,77.37029266357422,153.7200927734375,44.120025634765625,52.53539276123047,144.2402801513672,150.5641326904297,44.41933822631836,41.062225341796875,115.83415985107422,71.38999938964844,683.1700439453125,60.97
2025-10-29,43.349822998046875,119.0992431640625,75.5452880859375,154.1175994873047,43.25337600708008,51.64311218261719,142.78250122070312,151.64614868164062,44.4045524597168,39.94207763671875,115.54601287841797,71.80000305175781,683.4982299804688,61.26
2025-10-30,43.093692779541016,116.40998840332031,75.46636199951172,153.73004150390625,42.67395782470703,51.78190994262695,143.099853515625,149.78131103515625,44.21727752685547,40.16807174682617,113.588623046875,71.70999908447266,675.9810180664062,61.36
2025-10-31,43.40892791748047,119.4876937866211,75.24933624267578,154.0977325439453,42.42634201049805,51.92070770263672,143.05026245117188,149.92588806152344,43.91171646118164,40.18772506713867,114.07547760009766,72.55999755859375,678.1983032226562,61.75
2025-11-03,43.41385269165039,120.60821533203125,74.6574478149414,153.4418182373047,42.16387176513672,51.702598571777344,143.2485809326172,150.53919982910156,43.93635940551758,40.11894226074219,112.86328887939453,72.73999786376953,679.4711303710938,61.79
2025-11-04,42.945926666259766,118.60621643066406,74.96324920654297,151.66293334960938,41.955875396728516,51.97027587890625,143.89320373535156,146.565185546875,43.77865219116211,40.22702407836914,112.0882797241211,71.93000030517578,671.4169921875,61.38
2025-11-05,43.0592155456543,120.05045318603516,74.91393280029297,152.249267578125,42.2034912109375,52.14873504638672,144.44854736328125,147.13861083984375,43.78850555419922,40.217201232910156,112.69437408447266,71.02999877929688,673.7437133789062,60.4
2025-11-06,43.477882385253906,117.27653503417969,74.57852172851562,151.64305114746094,41.9954948425293,51.96036911010742,144.7261962890625,144.1817626953125,43.5963020324707,40.02068328857422,111.68090057373047,70.87999725341797,666.514892578125,60.24
2025-11-07,44.103431701660156,117.4607925415039,75.67352294921875,152.37847900390625,42.50062561035156,52.32719039916992,144.92454528808594,143.68313598632812,44.202491760253906,40.55127716064453,111.39276123046875,71.26000213623047,667.1710815429688,60.54
2025-11-10,44.502403259277344,119.00463104248047,75.39730834960938,153.24305725097656,42.901763916015625,52.51556396484375,146.0550537109375,147.35800170898438,44.18770980834961,40.52180099487305,112.55526733398438,71.68000030517578,677.5818481445312,60.94
2025-11-11,45.0836181640625,119.29845428466797,76.38379669189453,153.28282165527344,43.347469329833984,52.753501892089844,149.42677307128906,146.10147094726562,44.21234893798828,40.973793029785156,113.46939086914062,72.72000122070312,679.1329956054688,
2025-11-12,44.453147888183594,118.49665832519531,76.27528381347656,153.43190002441406,43.65451431274414,53.209556579589844,151.54898071289062,146.5552215576172,44.31584167480469,40.6495361328125,112.81361389160156,69.79000091552734,679.5109252929688,59.3
2025-11-13,44.566436767578125,115.5384750366211,76.27528381347656,151.0567169189453,43.367279052734375,52.52547836303711,151.4696502685547,142.90029907226562,43.70472717285156,40.11894226074219,111.21391296386719,69.8499984741211,668.235107421875,59.54
2025-11-14,45.32497024536133,114.98567962646484,76.21609497070312,151.066650390625,42.97109603881836,52.000022888183594,150.5672149658203,143.67816162109375,43.74415588378906,40.23685073852539,110.61775207519531,71.37999725341797,668.1256713867188,60.87
2025-11-17,44.497474670410156,113.90499877929688,75.73271179199219,149.58590698242188,42.31739044189453,51.00860595703125,150.43829345703125,141.42938232421875,44.13842010498047,39.971553802490234,110.46871185302734,71.30000305175781,661.901123046875,60.66
2025-11-18,44.852115631103516,111.80339050292969,76.0582504272461,148.92007446289062,42.35205841064453,50.92928695678711,151.32089233398438,139.13072204589844,43.970855712890625,40.11894226074219,111.09467315673828,72.5,656.3427734375,61.51
2025-11-19,44.27090072631836,111.8083724975586,75.47623443603516,149.41696166992188,42.46100997924805,51.11766052246094,151.0630645751953,140.09803771972656,43.60123062133789,39.80451202392578,110.47865295410156,70.87999725341797,658.8783569335938,60.27
2025-11-20,43.76849365234375,110.1400375366211,76.018798828125,146.91259765625,41.827117919921875,50.6715202331543,150.16061401367188,135.7001953125,43.379451751708984,39.66695022583008,109.26644897460938,70.1500015258789,648.8355712890625,60.07
2025-11-21,44.0443229675293,112.30139923095703,76.84745025634766,148.70143127441406,42.763099670410156,51.226715087890625,153.3240966796875,136.2237548828125,43.44352340698242,40.18772506713867,111.1841049194336,69.30000305175781,655.2987670898438,58.86
2025-11-24,43.92118453979492,113.80040740966797,75.95960998535156,149.0691375732422,42.847286224365234,51.444828033447266,153.96868896484375,139.4697723388672,43.93635940551758,40.24667739868164,112.28700256347656,70.41999816894531,664.9437866210938,59.11
2025-11-25,43.645355224609375,116.23567962646484,77.00528717041016,150.9772186279297,43.48613357543945,52.08925247192383,157.44949340820312,139.84375,43.76879119873047,40.57093048095703,113.5687484741211,69.25,671.1982421875,58.25
2025-11-26,43.975364685058594,117.03250122070312,77.84380340576172,151.8517608642578,44.0209846496582,52.49573516845703,157.10240173339844,141.49917602539062,44.350341796875,40.747798919677734,113.72772216796875,70.04000091552734,675.8318481445312,58.81
2025-11-28,44.551658630371094,117.75960540771484,78.2975845336914,152.73623657226562,44.27355194091797,52.872474670410156,156.33880615234375,142.7158203125,44.66575622558594,40.94430923461914,114.65177917480469,71.06999969482422,679.5208129882812,58.58
2025-12-01,44.98017883300781,117.8293228149414,78.21867370605469,150.50021362304688,44.16460418701172,52.436248779296875,153.99842834472656,142.7806396484375,43.620941162109375,40.37441635131836,114.11522674560547,71.05999755859375,676.41845703125,59.47
2025-12-02,44.398963928222656,117.7496337890625,77.7056884765625,151.81199645996094,43.763465881347656,52.38667678833008,153.076171875,144.25157165527344,43.31045913696289,40.27615737915039,114.4927978515625,70.19999694824219,677.67138671875,58.81
2025-12-03,45.23138427734375,119.01956939697266,77.76488494873047,153.25302124023438,44.07050704956055,53.0905876159668,153.79019165039062,144.5956268310547,43.17245864868164,40.354759216308594,114.3934326171875,70.66000366210938,680.0180053710938,59.09
2025-12-04,45.42348098754883,118.59625244140625,77.3900146484375,154.04803466796875,43.81298828125,53.199642181396484,152.6199951171875,145.13414001464844,43.0837516784668,40.285980224609375,115.0492172241211,71.38999938964844,680.51513671875,59.82
2025-12-05,45.23630905151367,119.25363159179688,77.39988708496094,153.62071228027344,43.66937255859375,53.2194709777832,151.9853057861328,146.19619750976562,42.67962646484375,40.27615737915039,116.3806381225586,71.91999816894531,681.8078002929688,60.23
2025-12-08,44.743751525878906,117.52055358886719,76.7586669921875,153.43190002441406,43.065189361572266,53.02118682861328,150.1705322265625,147.22337341308594,42.10793685913086,40.03050994873047,115.5162124633789,70.48999786376953,679.7594604492188,59.04
2025-12-09,45.01958465576172,117.5105972290039,76.93623352050781,152.30889892578125,42.97604751586914,52.82290267944336,148.71278381347656,147.61228942871094,42.13750457763672,39.7946891784668,115.64537811279297,69.86000061035156,679.1727905273438,58.4
2025-12-10,45.49243927001953,119.23371124267578,77.16312408447266,155.09152221679688,43.81794357299805,53.427669525146484,150.8746337890625,148.32032775878906,42.11779022216797,39.87329864501953,116.3210220336914,70.54000091552734,683.6771850585938,58.67
2025-12-11,45.27571487426758,119.70183563232422,77.73529052734375,156.75115966796875,44.689544677734375,54.399261474609375,152.30267333984375,147.5624237060547,42.4233512878418,40.08946228027344,116.06269073486328,69.25,685.26806640625,57.76
2025-12-12,44.83241271972656,120.21976470947266,78.34690856933594,155.76731872558594,44.719261169433594,54.47857666015625,152.77867126464844,143.29421997070312,42.21636199951172,40.04033279418945,115.80435943603516,68.80999755859375,677.9000854492188,57.61
2025-12-15,44.51717758178711,121.24567413330078,78.5639419555664,156.01576232910156,44.689544677734375,54.51823425292969,154.80169677734375,141.90805053710938,42.600772857666016,40.197547912597656,115.82422637939453,67.88999938964844,676.8758544921875,56.97
2025-12-16,43.15772247314453,121.44487762451172,78.20880126953125,155.09152221679688,44.5706901550293,54.171234130859375,152.78858947753906,142.16732788085938,42.4233512878418,39.84381866455078,115.90371704101562,66.16999816894531,675.0264282226562,55.44
2025-12-17,44.11328125,120.04048156738281,78.57380676269531,152.5772247314453,44.75887680053711,54.16132354736328,152.5109100341797,139.0060577392578,42.147361755371094,40.02068328857422,115.06908416748047,67.9800033569336,667.5986938476562,56.07
2025-12-18,43.47296142578125,121.85324096679688,78.1200180053711,153.57101440429688,44.73906707763672,54.07209396362305,152.62991333007812,141.150146484375,42.561344146728516,39.7750358581543,115.72486114501953,67.19000244140625,672.6399536132812,56.22
2025-12-19,43.47296142578125,121.36518859863281,77.71556091308594,154.8927764892578,44.93716049194336,54.3695182800293,153.65135192871094,144.20172119140625,42.01922607421875,39.627647399902344,115.7745361328125,68.02999877929688,678.7363891601562,56.8
2025-12-22,43.92301940917969,122.0947265625,77.44408416748047,156.6099395751953,45.467796325683594,55.03709030151367,154.6641845703125,144.979736328125,42.17513656616211,39.921669006347656,116.28890991210938,69.7300033569336,682.96484375,58.18
2025-12-23,44.21113586425781,121.9250717163086,77.07616424560547,156.55010986328125,45.54744338989258,55.14652633666992,154.35545349121094,145.7687530517578,42.324092864990234,39.911739349365234,117.01658630371094,70.30000305175781,686.0863037109375,58.55
2025-12-24,44.08198165893555,122.34423065185547,77.68274688720703,157.05868530273438,45.637046813964844,55.44499206542969,155.16213989257812,146.1183319091797,42.51277542114258,40.17000198364258,117.71435546875,70.19999694824219,688.4996948242188,58.72
2025-12-26,43.9130859375,121.8053207397461,77.79212951660156,156.76950073242188,45.905853271484375,55.33555221557617,155.41111755371094,146.34803771972656,42.48298263549805,40.24946975708008,117.59474182128906,68.4800033569336,688.4298706054688,56.6
2025-12-29,44.33035659790039,120.60771942138672,77.84185028076172,156.43045043945312,45.53749084472656,55.03709030151367,155.17208862304688,145.68885803222656,42.56242752075195,40.358734130859375,117.5149917602539,69.61000061035156,685.9765625,57.89
2025-12-30,44.66815185546875,120.11870574951172,77.71257781982422,155.98170471191406,45.52753448486328,54.897804260253906,155.04261779785156,145.22943115234375,42.6617317199707,40.44813537597656,117.9137191772461,69.73999786376953,685.138916015625,57.79
2025-12-31,44.41977310180664,119.17060852050781,77.24520874023438,154.6853485107422,45.14921569824219,54.48990249633789,154.16622924804688,143.7912139892578,42.39360809326172,40.08060073852539,117.34553527832031,69.16000366210938,680.062744140625,57.26
2026-01-02,45.35367202758789,118.11273193359375,77.2551498413086,157.53733825683594,45.91580581665039,54.64908218383789,154.87332153320312,144.1208038330078,42.88020706176758,40.11040496826172,116.52814483642578,68.95999908447266,681.309326171875,57.21
2026-01-05,46.58562088012695,120.05882263183594,76.91705322265625,159.402099609375,46.37377166748047,55.84294891357422,154.40524291992188,144.44039916992188,42.403541564941406,40.16006851196289,117.37544250488281,70.22000122070312,685.846923828125,58.1
2026-01-06,45.34373474121094,120.82727813720703,77.03638458251953,161.56602478027344,47.289695739746094,56.111568450927734,157.4427490234375,146.46788024902344,42.61207962036133,40.42826843261719,116.95677947998047,68.51000213623047,689.92578125,56.97
2026-01-07,44.8370475769043,120.65762329101562,76.1911392211914,158.52456665039062,46.47332763671875,55.32560729980469,159.00633239746094,146.34803771972656,41.57929992675781,39.872005462646484,116.71753692626953,67.79000091552734,687.701904296875,56.01
2026-01-08,46.24782943725586,122.67356872558594,78.0009536743164,159.72120666503906,47.289695739746094,55.6141242980957,157.47262573242188,144.06088256835938,41.69847106933594,40.17000198364258,117.1063003540039,70.54000091552734,687.632080078125,57.74
2026-01-09,46.36705017089844,124.16058349609375,78.8064193725586,161.47625732421875,48.046329498291016,55.44499206542969,156.66595458984375,145.968505859375,42.2148551940918,40.2296028137207,117.5349349975586,70.77999877929688,692.1796264648438,58.96
2026-01-12,46.03919219970703,124.27035522460938,79.73121643066406,162.71279907226562,48.305179595947266,55.00724411010742,156.7356719970703,146.6077117919922,42.28437423706055,40.34880065917969,117.17607879638672,71.6500015258789,693.2666625976562,59.39
2026-01-13,46.694908142089844,123.96098327636719,80.656005859375,163.55043029785156,48.514251708984375,53.95266342163086,156.09829711914062,146.298095703125,42.55249786376953,40.65673065185547,116.51817321777344,73.4800033569336,691.8804931640625,60.85
2026-01-14,47.74802780151367,122.00491333007812,81.76974487304688,163.80972290039062,48.53416442871094,53.87307357788086,157.2136993408203,144.5203094482422,42.87027359008789,41.1136589050293,116.26896667480469,72.61000061035156,688.479736328125,61.84
2026-01-15,47.30094909667969,122.45401000976562,81.9089584350586,165.3154754638672,48.74323272705078,54.09194564819336,156.31739807128906,145.2793731689453,43.307220458984375,41.421592712402344,115.84033966064453,71.12999725341797,690.3546142578125,59.13
2026-01-16,47.380428314208984,122.05481719970703,81.6504135131836,166.43234252929688,48.464473724365234,54.16158676147461,155.10238647460938,145.4391632080078,43.088748931884766,41.928184509277344,114.80364227294922,71.6500015258789,689.7761840820312,59.4
2026-01-20,47.291011810302734,118.88118743896484,81.89900970458984,163.07179260253906,47.97663879394531,52.92793273925781,154.76376342773438,141.6638641357422,42.6617317199707,41.12359619140625,113.10905456542969,71.86000061035156,675.7345581054688,60.3
2026-01-21,48.43354797363281,121.1566162109375,81.97856903076172,165.89385986328125,49.021995544433594,53.18659973144531,157.612060546875,143.63140869140625,42.721317291259766,41.27259063720703,114.2653579711914,73.33999633789062,683.5332641601562,60.38
2026-01-22,48.59251022338867,122.37417602539062,81.80950927734375,165.03627014160156,49.30075454711914,53.534812927246094,157.64193725585938,144.70008850097656,42.41346740722656,40.86532974243164,115.88021087646484,71.81999969482422,687.103515625,59.24
2026-01-23,48.87069320678711,122.88314819335938,82.44593811035156,163.75985717773438,49.74876403808594,52.7985954284668,156.8352508544922,144.90982055664062,42.26451110839844,40.97459411621094,116.58795166015625,73.94999694824219,687.352783203125,60.7
2026-01-26,48.90049743652344,122.07477569580078,82.31665802001953,163.91940307617188,49.808494567871094,53.13685607910156,157.45272827148438,145.8986053466797,42.572357177734375,40.94479751586914,117.39537048339844,73.4800033569336,690.84326171875,60.46
2026-01-27,49.34757614135742,122.44403076171875,82.69453430175781,164.59750366210938,49.75871658325195,52.72895431518555,154.81356811523438,147.86614990234375,43.12847137451172,40.97459411621094,116.52814483642578,75.66000366210938,693.5957641601562,62.04
2026-01-28,49.7251091003418,121.52587127685547,81.85923767089844,163.68008422851562,49.728851318359375,52.7190055847168,153.67823791503906,149.044677734375,43.02916717529297,40.57726287841797,116.37862396240234,76.62000274658203,693.5259399414062,62.75
2026-01-29,50.18212127685547,120.94703674316406,81.67029571533203,165.395263671875,49.778629302978516,53.27614212036133,153.19024658203125,146.68760681152344,43.02916717529297,41.09379196166992,119.40895080566406,79.13999938964844,692.1497192382812,64.77
2026-01-30,50.7186164855957,120.92707824707031,83.0425796508789,164.9764404296875,49.05186080932617,53.16670227050781,154.10647583007812,143.7013397216797,42.94972229003906,41.15339279174805,119.69802856445312,79.5199966430664,690.0853271484375,64.5
2026-02-02,49.7251091003418,121.72547912597656,84.02703094482422,167.06057739257812,49.430179595947266,53.753684997558594,155.05258178710938,145.07960510253906,42.324092864990234,40.68653106689453,119.2893295288086,75.33000183105469,693.5159912109375,61.6
2026-02-03,51.334590911865234,120.7474365234375,85.38936614990234,168.4666290283203,50.475528717041016,53.25624084472656,153.46910095214844,141.903564453125,42.93979263305664,40.537532806396484,117.36547088623047,77.47000122070312,687.6520385742188,62.62
2026-02-04,52.487064361572266,119.85922241210938,86.50309753417969,168.9153594970703,51.66025924682617,53.684043884277344,155.3911895751953,137.94847106933594,42.78090286254883,41.18319320678711,116.428466796875,77.87999725341797,684.3211059570312,64.56
2026-02-05,51.871089935302734,117.2744140625,86.43348693847656,167.89822387695312,50.27641296386719,53.01747131347656,154.2060546875,135.46157836914062,42.80076217651367,40.95472717285156,115.84033966064453,76.69000244140625,675.7744750976562,62.9
2026-02-06,52.90433883666992,117.75344848632812,87.44778442382812,172.69473266601562,51.28194046020508,53.98250961303711,157.06431579589844,140.95474243164062,43.04902648925781,41.70965576171875,115.39176940917969,76.98999786376953,688.739013671875,63.77
2026-02-09,53.291805267333984,117.31433868408203,86.94063568115234,173.21328735351562,51.948978424072266,53.664146423339844,155.6800079345703,143.1719970703125,43.178123474121094,41.967918395996094,116.5082015991211,78.0199966430664,692.0599975585938,64.53
2026-02-10,53.23219680786133,118.0927734375,86.66220092773438,173.42269897460938,52.675743103027344,53.27614212036133,154.69406127929688,142.37298583984375,43.89312744140625,42.553977966308594,117.20597839355469,78.02999877929688,690.2349243164062,64.2
2026-02-11,54.62310791015625,117.52391815185547,87.90520477294922,174.35009765625,53.382598876953125,52.47028350830078,155.61029052734375,142.79246520996094,44.280418395996094,42.514244079589844,116.36865234375,78.88999938964844,690.075439453125,64.8
2026-02-12,53.629600524902344,115.89717864990234,88.7106704711914,172.2659454345703,52.596099853515625,51.42565155029297,155.36131286621094,139.03713989257812,44.93583679199219,42.583778381347656,114.27532958984375,76.37999725341797,679.41455078125,63.08
2026-02-13,53.997196197509766,115.94708251953125,89.00899505615234,173.68197631835938,53.073974609375,51.385860443115234,157.02447509765625,139.38668823242188,46.17715835571289,43.209571838378906,114.21552276611328,76.22000122070312,679.8931884765625,63.05
2026-02-17,53.401092529296875,115.80736541748047,87.7063217163086,174.5894317626953,52.4666748046875,51.93304443359375,156.7257080078125,139.30679321289062,46.05799102783203,43.64663314819336,114.03609466552734,75.7300033569336,680.9901733398438,62.53
2026-02-18,54.42440414428711,116.78539276123047,87.5472183227539,174.54953002929688,52.78525924682617,52.32105255126953,157.02447509765625,140.73501586914062,45.2933349609375,43.06057357788086,114.2254867553711,79.4000015258789,684.4208374023438,65.33
2026-02-19,54.82181167602539,116.0069580078125,87.17929077148438,175.84588623046875,52.596099853515625,51.88330078125,156.61614990234375,140.035888671875,45.78986358642578,42.91157531738281,114.77374267578125,81.19000244140625,682.61572265625,66.66
2026-02-20,54.52375793457031,117.21453094482422,87.39805603027344,176.7333984375,52.725521087646484,52.22156524658203,156.17796325683594,140.70506286621094,46.008338928222656,43.26917266845703,116.428466796875,80.8499984741211,687.5523071289062,66.69
2026-02-23,54.79200744628906,114.75946807861328,88.47201538085938,174.34011840820312,52.725521087646484,50.47056198120117,157.8909149169922,138.34799194335938,46.35590744018555,43.31884002685547,114.9930419921875,80.9000015258789,680.531494140625,66.36
2026-02-24,54.74232864379883,116.5059585571289,89.23770141601562,176.48410034179688,53.12375259399414,50.71928405761719,157.22366333007812,140.145751953125,46.87229919433594,43.43803787231445,115.7905044555664,80.76000213623047,685.4779052734375,65.62
2026-02-25,54.51382064819336,116.85525512695312,88.51179504394531,175.10797119140625,52.82508087158203,51.604732513427734,157.18382263183594,142.8323974609375,47.031185150146484,43.14997100830078,116.1294174194336,79.7300033569336,691.26220703125,65.3
2026-02-26,54.69265365600586,116.81533813476562,88.36263275146484,176.2048797607422,52.76534652709961,52.231510162353516,156.77549743652344,140.8348846435547,46.85243606567383,43.338706970214844,116.34871673583984,79.7699966430664,687.422607421875,65.1
2026-02-27,55.557003021240234,116.62571716308594,89.50619506835938,176.64364624023438,53.17353057861328,51.16698455810547,159.5441131591797,138.58767700195312,47.398616790771484,43.54730224609375,117.67449188232422,81.94999694824219,684.1216430664062,66.96
2026-03-02,56.66973876953125,115.18860626220703,88.21347045898438,178.39871215820312,53.01424026489258,51.03764724731445,157.88095092773438,139.36671447753906,47.041114807128906,43.626766204833984,117.49506378173828,87.19000244140625,684.5106201171875,71.13
2026-03-03,56.15311050415039,114.13072967529297,87.24889373779297,174.9484100341797,51.71003723144531,50.9481086730957,156.09829711914062,137.32925415039062,46.74319839477539,43.40823745727539,117.58477020263672,90.19999694824219,678.4771118164062,74.48
2026-03-04,55.825252532958984,116.15666198730469,86.67214965820312,175.4769287109375,51.69012451171875,51.23662567138672,156.4070281982422,139.6663360595703,46.941810607910156,43.46783447265625,118.4121322631836,91.55999755859375,683.2639770507812,74.58
2026-03-05,56.11336898803711,116.31634521484375,84.93194580078125,171.577880859375,50.60495376586914,50.9680061340332,153.27987670898438,140.00592041015625,46.57438278198242,43.05064010620117,118.06324768066406,96.30999755859375,679.4544067382812,80.88
2026-03-06,56.20278549194336,114.2105712890625,85.29986572265625,169.4638214111328,49.63924789428711,50.31138229370117,152.0748291015625,137.1195068359375,46.41549301147461,42.60364532470703,117.08636474609375,108.7699966430664,670.5487060546875,90.77
2026-03-09,55.954410552978516,114.36026763916016,85.48880767822266,170.46102905273438,49.768672943115234,50.072608947753906,153.62843322753906,139.58644104003906,46.52472686767578,42.69304275512695,117.18604278564453,104.33000183105469,676.4227294921875,94.65
2026-03-10,55.23908233642578,114.2105712890625,85.24020385742188,169.54360961914062,49.65916061401367,49.80398941040039,152.52297973632812,139.58644104003906,46.23674011230469,42.63344192504883,117.0066146850586,105.86000061035156,675.3356323242188,83.71
2026-03-11,56.61012649536133,113.91117095947266,84.11652374267578,169.0150909423828,49.61933517456055,49.38613510131836,152.22421264648438,140.25559997558594,45.84944534301758,42.12685012817383,116.62782287597656,108.05000305175781,674.4879760742188,86.8
2026-03-12,57.13668441772461,111.29642486572266,83.77843475341797,164.77700805664062,49.460044860839844,48.58028030395508,149.54522705078125,137.6688232421875,46.17715835571289,41.85865020751953,114.90332794189453,118.38999938964844,664.2459106445312,95.61
2026-03-13,57.3254508972168,110.63774871826172,84.26568603515625,164.1886444091797,48.97221374511719,48.63997268676758,149.17672729492188,136.630126953125,46.63396072387695,41.967918395996094,114.0859375,119.88999938964844,660.4862060546875,98.48
2026-03-16,57.52415466308594,111.97505950927734,84.50434875488281,165.59469604492188,49.1812858581543,49.047874450683594,150.39173889160156,138.607666015625,46.93187713623047,42.29571533203125,114.96314239501953,115.02999877929688,667.2078857421875,93.39
2026-03-17,58.130191802978516,112.95309448242188,84.22591400146484,166.03346252441406,49.30075454711914,49.306549072265625,149.02735900878906,139.36671447753906,46.80278396606445,42.43478012084961,115.00301361083984,118.83999633789062,668.9630126953125,96.01
2026-03-18,58.05071258544922,110.34832763671875,82.17744445800781,164.7171630859375,48.265357971191406,48.719566345214844,146.53758239746094,137.78868103027344,46.40555953979492,41.73945236206055,113.29845428466797,121.66999816894531,659.6285400390625,96.12
2026-03-19,58.97467803955078,109.48007202148438,81.51119232177734,163.6002960205078,47.52863693237305,48.739463806152344,146.009765625,138.25808715820312,46.216880798339844,41.64011764526367,112.78010559082031,117.36000061035156,658.0029907226562,96.11
2026-03-20,58.92500305175781,107.52400207519531,80.83499908447266,161.2169952392578,46.77199935913086,48.829002380371094,144.73500061035156,135.1219940185547,44.340003967285156,40.319000244140625,111.87300109863281,121.43000030517578,648.5700073242188,98.71
2026-03-23,59.630001068115234,110.12000274658203,81.18000030517578,163.0500030517578,47.54999923706055,49.27000045776367,144.77000427246094,136.9499969482422,44.779998779296875,40.619998931884766,112.70999908447266,110.55999755859375,655.3800048828125,89.33
2026-03-24,60.84000015258789,109.68000030517578,81.11000061035156,164.0,48.45000076293945,49.279998779296875,144.7899932861328,136.14999389648438,45.09000015258789,40.290000915527344,111.12999725341797,114.54000091552734,653.1799926757812,
2026-03-25,60.56999969482422,110.7300033569336,81.51000213623047,165.10000610351562,49.40999984741211,49.34000015258789,146.24000549316406,136.75999450683594,45.25,40.27000045776367,111.44000244140625,113.38999938964844,656.8200073242188,
2026-03-26,61.52000045776367,108.83000183105469,81.13999938964844,161.27000427246094,49.09000015258789,49.04999923706055,145.74000549316406,132.5,45.33000183105469,40.290000915527344,108.80999755859375,117.26000213623047,645.0900268554688,
2026-03-27,62.560001373291016,105.68000030517578,81.77999877929688,159.1999969482422,48.90999984741211,47.810001373291016,143.25999450683594,129.9199981689453,45.59000015258789,40.0099983215332,107.04000091552734,124.19999694824219,634.0900268554688,
2026-03-30,61.959999084472656,105.66000366210938,81.87999725341797,156.61000061035156,49.09000015258789,48.36000061035156,143.82000732421875,127.5,45.91999816894531,40.209999084472656,107.95999908447266,129.8300018310547,631.969970703125,
2026-03-31,61.2599983215332,108.9800033569336,81.9800033569336,161.72999572753906,49.970001220703125,49.369998931884766,146.61000061035156,132.89999389648438,45.88999938964844,40.83000183105469,110.86000061035156,127.25,650.3400268554688,
